Site,Name,Height (M),Stem Width (mm),# of Leaves,DSV
1,AGGI,0.75,0.53,4,5.04
1,AGGI,0.69,0.5,2,5.04
1,AGGI,0.69,0.92,1,5.04
1,AGGI,0.785,0.99,1,5.04
1,AGGI,0.84,1.63,2,5.04
1,AGGI,0.69,0.63,1,5.04
1,AGGI,0.81,1.25,2,5.04
1,AGGI,0.855,1.3,1,5.04
1,AGGI,0.69,0.5,2,5.04
1,AGGI,0.89,2.9,2,5.04
1,AGGI,0.72,0.52,1,5.04
1,AGGI,0.58,1.03,2,5.04
1,AGGI,0.62,1.37,2,5.04
1,AGGI,0.79,1,1,5.04
1,AGGI,0.8,1.26,1,5.04
1,AGGI,0.705,1.25,2,5.04
1,AGGI,0.63,0.54,2,5.04
1,AGGI,0.73,1.82,1,5.04
1,AGGI,0.71,0.72,2,5.04
1,AGGI,0.71,1.21,2,5.04
1,BRIN,1.22,3.08,3,5.04
1,BRIN,1.21,2.92,3,5.04
1,BRIN,1.39,2.97,3,5.04
1,BRIN,1.37,2.6,4,5.04
1,BRIN,1.23,3.04,3,5.04
1,BRIN,1.23,2.69,4,5.04
1,BRIN,1.11,2.49,3,5.04
1,BRIN,1.13,2.98,4,5.04
1,BRIN,1.22,2.38,4,5.04
1,BRIN,1.05,2.03,3,5.04
1,BRIN,1.13,2.31,3,5.04
1,BRIN,1.24,2.51,3,5.04
1,BRIN,1.14,2.74,4,5.04
1,BRIN,1.13,2.37,4,5.04
1,BRIN,1.12,2.83,3,5.04
1,BRIN,1.24,2.25,2,5.04
1,BRIN,1.17,2.3,3,5.04
1,BRIN,1.11,2.36,2,5.04
1,BRIN,1.13,2.91,3,5.04
1,BRIN,1.24,2.46,3,5.04
1,PHAR,1.2,2.98,2,5.04
1,PHAR,1.27,2.83,0,5.04
1,PHAR,1.17,3.91,1,5.04
1,PHAR,1.14,4.34,3,5.04
1,PHAR,1.28,3.77,2,5.04
1,PHAR,1.25,3.23,3,5.04
1,PHAR,1.2,3.98,2,5.04
1,PHAR,1.14,3.13,3,5.04
1,PHAR,1.23,4.28,3,5.04
1,PHAR,1.33,3.67,2,5.04
1,PHAR,1.15,3.09,2,5.04
1,PHAR,1.43,3.04,2,5.04
1,PHAR,1.24,3.1,2,5.04
1,PHAR,1.33,2.52,3,5.04
1,PHAR,1.335,2.58,2,5.04
1,PHAR,1.12,2.7,2,5.04
1,PHAR,1.12,3.32,3,5.04
1,PHAR,1.24,2.26,3,5.04
1,PHAR,1.29,1.18,2,5.04
1,PHAR,1.33,2.25,3,5.04
1,PHPR,1.81,1.81,3,5.04
1,PHPR,1.69,1.69,3,5.04
1,PHPR,1.94,1.94,2,5.04
1,PHPR,2.04,2.04,3,5.04
1,PHPR,1.84,1.84,2,5.04
1,PHPR,1.59,1.59,2,5.04
1,PHPR,1.59,1.59,2,5.04
1,PHPR,2.16,2.16,3,5.04
1,PHPR,3.3,3.3,3,5.04
1,PHPR,2.78,2.78,3,5.04
1,PHPR,1.2,0.2,2,5.04
1,PHPR,2.74,2.74,2,5.04
1,PHPR,2.1,2.1,3,5.04
1,PHPR,2.42,2.42,3,5.04
1,PHPR,2.16,2.16,4,5.04
1,PHPR,1.4,1.4,3,5.04
1,PHPR,1.48,1.48,3,5.04
1,PHPR,3.07,3.07,2,5.04
1,PHPR,1.88,1.88,3,5.04
1,PHPR,2.6,2.6,,5.04
1,POPR,0.86,1.2,0,5.04
1,POPR,0.76,0.45,0,5.04
1,POPR,0.8,0.83,0,5.04
1,POPR,0.65,0.87,0,5.04
1,POPR,0.71,0.54,0,5.04
1,POPR,0.615,0.4,0,5.04
1,POPR,0.64,0.67,0,5.04
1,POPR,0.56,0.57,0,5.04
1,POPR,0.54,0.48,0,5.04
1,POPR,0.59,0.57,0,5.04
1,POPR,0.61,0.62,0,5.04
1,POPR,0.61,0.66,0,5.04
1,POPR,0.71,0.51,0,5.04
1,POPR,0.7,0.59,0,5.04
1,POPR,0.64,0.8,1,5.04
1,POPR,0.75,0.49,1,5.04
1,POPR,0.72,0.5,0,5.04
1,POPR,0.72,0.5,0,5.04
1,POPR,0.64,1.06,0,5.04
1,POPR,0.61,0.48,0,5.04
1,CAREX,0.69,1.7,2,5.04
1,CAREX,0.555,1.42,3,5.04
1,CAREX,0.57,0.92,2,5.04
1,CAREX,0.67,0.44,3,5.04
1,CAREX,0.53,1.11,3,5.04
1,CAREX,0.63,1.45,2,5.04
1,CAREX,0.69,1.39,2,5.04
1,CAREX,0.68,1.7,2,5.04
1,CAREX,0.54,1.08,2,5.04
1,CAREX,0.56,1.51,1,5.04
1,CAREX,0.57,1.51,2,5.04
1,CAREX,0.48,1.16,3,5.04
1,CAREX,0.52,0.79,1,5.04
1,CAREX,0.54,1.89,0,5.04
1,CAREX,0.48,1.96,2,5.04
1,CAREX,0.64,0.88,2,5.04
1,CAREX,0.53,1.39,3,5.04
1,CAREX,0.58,2.4,3,5.04
1,CAREX,0.61,1.54,2,5.04
1,CAREX,0.56,1.44,2,5.04
1,INHE,1.08,8.37,9,5.04
1,INHE,0.16,7.85,8,5.04
1,INHE,1.29,10.5,10,5.04
1,INHE,1.07,7.13,7,5.04
1,INHE,0.96,8.58,9,5.04
1,INHE,1,9.53,11,5.04
1,INHE,1.22,10.11,11,5.04
1,INHE,1.1,8.28,9,5.04
1,INHE,1.12,7.18,10,5.04
1,INHE,1.08,10.44,10,5.04
1,INHE,1.21,11.7,11,5.04
1,MEAL,0.93,5.29,42,5.04
1,MEAL,1.1,5.32,108,5.04
1,MEAL,0.73,5.8,63,5.04
1,MEAL,0.96,3.95,57,5.04
1,MEAL,0.98,4.16,78,5.04
1,MEAL,0.72,3.35,72,5.04
1,MEAL,0.92,2.85,99,5.04
1,MEAL,0.9,2.7,60,5.04
1,MEAL,1.15,4.7,96,5.04
1,MEAL,1.17,7.36,234,5.04
1,MEAL,1.25,5.54,210,5.04
1,MEAL,1.45,4.13,300,5.04
1,MEAL,1.09,4.64,270,5.04
1,MEAL,1.48,5.85,330,5.04
1,MEAL,0.92,6.11,180,5.04
1,MEAL,1.12,5.11,255,5.04
1,MEAL,1.22,4.18,219,5.04
1,MEAL,1.11,5.61,480,5.04
1,MEAL,1.23,6.51,210,5.04
1,MEAL,1.7,3.48,201,5.04
1,DACA,0.93,5.33,15,5.04
1,DACA,1.02,5.95,9,5.04
1,DACA,1.01,7.7,20,5.04
1,DACA,1.08,4.87,10,5.04
1,DACA,1.05,5.51,5,5.04
1,DACA,0.84,4.7,6,5.04
1,DACA,1.08,4.4,9,5.04
1,DACA,0.9,3.18,4,5.04
1,DACA,1.22,6.07,17,5.04
1,DACA,0.92,5.76,5,5.04
1,DACA,0.85,6.99,5,5.04
1,DACA,1.21,4.55,10,5.04
1,DACA,0.96,4.14,6,5.04
1,DACA,0.99,4.69,9,5.04
1,DACA,1.07,4.44,5,5.04
1,DACA,0.7,5.6,7,5.04
1,DACA,1.17,5.06,9,5.04
1,DACA,0.87,5.18,8,5.04
1,DACA,0.98,3.69,5,5.04
1,DACA,1.1,4.91,12,5.04
1,VIRI,1.4,4.53,20,5.04
1,VIRI,0.84,4.72,15,5.04
1,VIRI,1.72,5.78,37,5.04
1,VIRI,1.51,3.88,31,5.04
1,VIRI,0.6,4.14,14,5.04
1,VIRI,0.63,3.02,13,5.04
1,VIRI,0.56,3.75,8,5.04
1,VIRI,1.04,4.59,15,5.04
1,VIRI,1.02,5.26,22,5.04
1,VIRI,0.94,4.07,17,5.04
1,VIRI,0.71,4.4,18,5.04
1,VIRI,0.85,5.14,24,5.04
1,VIRI,0.96,4.08,42,5.04
1,VIRI,1.24,4.79,17,5.04
1,VIRI,0.82,4.05,8,5.04
1,VIRI,1.06,5.46,24,5.04
1,VIRI,1.27,5.25,22,5.04
1,VIRI,0.65,4.5,8,5.04
1,VIRI,0.89,4.36,19,5.04
1,VIRI,2,5.4,66,5.04
1,LILA,0.945,5.82,29,5.04
1,LILA,0.876,5.63,31,5.04
1,LILA,0.845,7.12,31,5.04
1,VICR,0.49,3.03,16,5.04
1,VICR,0.48,2.03,14,5.04
1,VICR,0.41,1.96,14,5.04
1,VICR,0.47,2.03,22,5.04
1,VICR,0.57,1.19,15,5.04
1,VICR,0.49,1.84,7,5.04
1,VICR,0.55,1.53,14,5.04
1,VICR,0.48,2.24,16,5.04
1,VICR,0.55,1.77,1,5.04
1,VICR,0.53,1.43,14,5.04
1,VICR,0.6,2.17,13,5.04
1,VICR,0.61,3.1,14,5.04
1,VICR,0.7,2.99,17,5.04
1,VICR,0.64,2.69,6,5.04
1,VICR,0.41,1.91,5,5.04
1,VICR,0.44,1.85,11,5.04
1,VICR,0.46,1.53,11,5.04
1,VICR,0.54,1.98,12,5.04
1,VICR,0.77,2.09,21,5.04
1,VICR,0.5,1.76,8,5.04
1,VICR,0.59,1.32,20,5.04
1,ASSY,0.78,8.23,14,5.04
1,ASSY,0.69,8.95,13,5.04
1,ASSY,0.96,9.61,24,5.04
1,ASSY,0.64,6.17,16,5.04
1,ASSY,0.78,9.81,24,5.04
1,ASSY,0.74,10.2,24,5.04
1,ASSY,0.99,9.76,20,5.04
1,ASSY,0.83,8.96,20,5.04
1,ASSY,0.93,9.44,22,5.04
1,ASSY,1.09,10.16,2,5.04
1,ASSY,0.92,11.79,24,5.04
1,ASSY,0.73,9.51,20,5.04
1,ASSY,0.77,8.97,20,5.04
1,ASSY,0.83,9.22,20,5.04
1,ASSY,0.76,7.35,18,5.04
1,ASSY,0.7,8.89,16,5.04
1,ASSY,0.78,8.96,18,5.04
1,ASSY,0.75,9.31,16,5.04
1,ASSY,0.78,9.35,14,5.04
1,ASSY,0.81,0.7,15,5.04
1,ASSY,0.78,8.94,16,5.04
1,VAOF,1.09,9.2,14,5.04
1,VAOF,0.59,4.27,14,5.04
1,VAOF,1.04,9.77,16,5.04
1,VAOF,1,7.74,14,5.04
1,VAOF,0.84,6.66,14,5.04
1,VAOF,0.94,6.87,16,5.04
1,VAOF,0.98,8.1,14,5.04
1,VAOF,1.04,9.11,14,5.04
1,VAOF,1.28,12.36,18,5.04
1,VAOF,1.13,7.94,14,5.04
1,VAOF,1.09,8.58,16,5.04
1,VAOF,1.11,7.06,10,5.04
1,VAOF,1.16,5.19,40,5.04
1,VAOF,1.08,4.35,22,5.04
1,VAOF,0.79,2.27,17,5.04
1,VAOF,0.99,3.69,24,5.04
1,VAOF,0.81,3.56,20,5.04
1,VAOF,0.72,3.18,13,5.04
1,VAOF,0.85,4.1,22,5.04
1,VAOF,0.63,2.81,13,5.04
1,VAOF,0.97,5.09,34,5.04
1,RAAC,0.87,2.56,10,5.04
1,RAAC,0.55,1.82,3,5.04
1,RAAC,0.67,2.23,2,5.04
1,RAAC,0.35,1.9,2,5.04
1,RAAC,0.45,1.29,2,5.04
1,RAAC,0.72,2.36,8,5.04
1,RAAC,0.53,1.29,4,5.04
1,RAAC,0.8,2.28,12,5.04
1,RAAC,0.78,2.23,8,5.04
1,RAAC,0.83,4.7,32,5.04
1,RAAC,0.62,2.04,20,5.04
1,RAAC,0.58,1.9,15,5.04
1,RAAC,0.84,3.2,19,5.04
1,RAAC,0.54,1.68,21,5.04
1,RAAC,0.71,4.2,27,5.04
1,RAAC,0.75,4.06,25,5.04
1,RAAC,0.45,1.62,9,5.04
1,RAAC,0.52,2.55,20,5.04
1,RAAC,0.77,4.9,26,5.04
1,RAAC,0.61,1.87,10,5.04
1,VIRO,1.09,5.04,22,5.04
1,VIRO,0.75,4.92,22,5.04
1,VIRO,0.67,4.47,18,5.04
1,VIRO,0.88,4.55,24,5.04
1,VIRO,0.92,5.54,22,5.04
1,VIRO,1.07,6.61,28,5.04
1,VIRO,0.83,4.72,24,5.04
1,VIRO,0.62,4.2,16,5.04
1,VIRO,0.87,4.23,22,5.04
1,VIRO,0.83,5.03,24,5.04
1,VIRO,0.65,4.4,20,5.04
1,VIRO,0.52,3.31,2,5.04
1,VIRO,0.85,4.12,23,5.04
1,VIRO,0.95,4.59,24,5.04
1,VIRO,0.76,4.2,22,5.04
1,VIRO,0.61,3.33,18,5.04
1,VIRO,0.71,3.03,18,5.04
1,VIRO,0.36,3.48,16,5.04
1,VIRO,0.93,3.51,25,5.04
1,VIRO,1.03,4.74,2,5.04
1,VIRO,0.73,3.3,18,5.04
1,DICA,0.68,2.91,15,5.04
1,DICA,0.74,2.98,16,5.04
1,DICA,0.7,3,16,5.04
1,DICA,0.81,3.02,18,5.04
1,DICA,0.66,1.96,14,5.04
1,DICA,0.59,1.54,16,5.04
1,DICA,0.54,1.56,14,5.04
1,DICA,0.63,1.42,20,5.04
1,DICA,0.61,1.43,18,5.04
1,DICA,0.51,0.85,16,5.04
1,DICA,0.4,1.61,12,5.04
1,DICA,0.6,1.77,18,5.04
1,DICA,0.64,2.06,14,5.04
1,DICA,0.57,1.41,18,5.04
1,DICA,0.53,0.93,14,5.04
1,DICA,0.59,1.52,18,5.04
1,DICA,0.47,1.25,10,5.04
1,DICA,0.66,2.29,20,5.04
1,DICA,0.42,1.43,16,5.04
1,DICA,0.43,0.76,20,5.04
1,HYPE,0.48,2.28,108,5.04
1,HYPE,0.45,1.74,96,5.04
1,HYPE,0.6,2.94,204,5.04
1,HYPE,0.43,1.02,128,5.04
1,HYPE,0.4,1.85,148,5.04
1,HYPE,0.39,1.6,48,5.04
1,HYPE,0.7,4.27,246,5.04
1,HYPE,0.48,1.22,90,5.04
1,HYPE,0.55,2.11,124,5.04
1,HYPE,0.6,2.33,140,5.04
1,HYPE,0.7,3.49,268,5.04
1,HYPE,0.51,1.71,108,5.04
1,HYPE,0.53,1.42,72,5.04
1,HYPE,0.54,2.04,168,5.04
1,HYPE,0.73,2.64,242,5.04
1,HYPE,0.58,3.24,256,5.04
1,HYPE,0.53,1.81,144,5.04
1,HYPE,0.65,3.09,312,5.04
1,HYPE,0.69,3.08,234,5.04
1,HYPE,0.55,2.01,156,5.04
1,SOSP,0.77,6.83,80,5.04
1,SOSP,0.68,6.16,40,5.04
1,SOSP,0.7,5.5,60,5.04
1,SOSP,0.73,5.93,48,5.04
1,SOSP,0.67,4.3,88,5.04
1,SOSP,1.02,4.59,110,5.04
1,SOSP,0.9,6.47,60,5.04
1,SOSP,0.81,7.62,36,5.04
1,SOSP,0.68,2.99,30,5.04
1,SOSP,0.7,4.42,50,5.04
1,SOSP,0.78,3.74,28,5.04
1,SOSP,0.89,5.07,52,5.04
1,SOSP,0.74,6.88,44,5.04
1,SOSP,0.88,6.59,40,5.04
1,SOSP,0.77,3.36,30,5.04
1,SOSP,0.68,5.73,30,5.04
1,SOSP,0.58,4.22,26,5.04
1,SOSP,0.81,5.86,36,5.04
1,SOSP,0.71,4.56,28,5.04
1,SOSP,0.72,3.55,30,5.04
1,SYNO,0.85,5.29,32,5.04
1,SYNO,0.8,3.84,44,5.04
1,SYNO,0.92,5.15,66,5.04
1,SYNO,0.9,5.45,62,5.04
1,SYNO,0.72,2.99,34,5.04
1,SYNO,0.73,4.76,52,5.04
1,SYNO,0.75,4.03,48,5.04
1,SYNO,0.63,3.59,36,5.04
1,SYNO,0.65,4.18,30,5.04
1,SYNO,0.78,3.54,26,5.04
1,SYNO,1,5.88,78,5.04
1,SYNO,0.54,3.14,22,5.04
1,SYNO,0.75,5.38,80,5.04
1,SYNO,0.68,3.68,44,5.04
1,SYNO,0.5,3.33,22,5.04
1,SYNO,0.66,3.84,56,5.04
1,SYNO,0.46,2.85,48,5.04
1,SYNO,0.66,5.62,66,5.04
1,SYNO,0.48,3.23,32,5.04
1,SYNO,0.67,3.62,40,5.04
1,SYER,0.6,2.18,200,5.04
1,SYER,0.37,1.65,150,5.04
1,SYER,0.55,1.55,150,5.04
1,SYER,0.56,2.11,125,5.04
1,SYER,0.6,1.97,150,5.04
1,SYER,0.61,2.21,125,5.04
1,SYER,0.7,2.78,175,5.04
1,SYER,0.48,1.64,75,5.04
1,SYER,0.66,2.6,100,5.04
1,SYER,0.46,1.69,100,5.04
1,SYER,0.53,1.82,125,5.04
1,SYER,0.47,1.88,100,5.04
1,SYER,0.67,1.79,100,5.04
1,SYER,0.53,1.67,75,5.04
1,SYER,0.81,2.74,175,5.04
1,SYER,0.59,1.8,100,5.04
1,SYER,0.57,1.69,50,5.04
1,SYER,0.65,2.38,125,5.04
1,SYER,0.88,3.02,175,5.04
1,SYER,0.44,1.43,75,5.04
1,SYLA,0.61,2.77,40,5.04
1,SYLA,0.34,1.64,20,5.04
1,SYLA,0.38,1.88,20,5.04
1,SYLA,0.44,2.04,20,5.04
1,SYLA,0.48,2.14,40,5.04
1,SYLA,0.56,2.77,60,5.04
1,SYLA,0.42,2.5,20,5.04
1,SYLA,0.4,2.38,60,5.04
1,SYLA,0.33,1.98,40,5.04
1,SYLA,0.35,1.67,20,5.04
1,SYLA,0.41,1.68,20,5.04
1,SYLA,0.56,3.13,60,5.04
1,SYLA,0.51,3.87,80,5.04
1,SYLA,0.5,2.9,20,5.04
1,SYLA,0.37,2.02,40,5.04
1,SYLA,0.3,2.12,20,5.04
1,SYLA,0.28,1.6,20,5.04
1,SYLA,0.29,1.38,20,5.04
1,SYLA,0.3,1.27,20,5.04
1,SYLA,0.58,2.57,40,5.04
2,VIRO,0.787,5.45,24,6.04
2,VIRO,0.8,4.76,19,6.04
2,VIRO,0.61,3.59,16,6.04
2,VIRO,1.06,5.92,22,6.04
2,VIRO,0.91,4.67,21,6.04
2,VIRO,1.22,4.95,24,6.04
2,VIRO,0.72,3.17,22,6.04
2,VIRO,0.82,3.42,20,6.04
2,VIRO,0.96,3.64,20,6.04
2,VIRO,0.85,5.18,1,6.04
2,VIRO,0.52,4.24,18,6.04
2,VIRO,0.79,4.15,22,6.04
2,VIRO,0.89,5.17,22,6.04
2,VIRO,0.6,3.7,16,6.04
2,VIRO,0.71,5.73,18,6.04
2,VIRO,0.78,3.47,24,6.04
2,VIRO,0.65,3.75,20,6.04
2,VIRO,0.79,4.54,22,6.04
2,VIRO,0.87,4.35,22,6.04
2,VIRO,0.99,5.04,22,6.04
2,VIRI,0.95,4.54,16,6.04
2,VIRI,0.86,4.89,16,6.04
2,VIRI,0.96,4.15,16,6.04
2,VIRI,0.76,4.05,18,6.04
2,VIRI,2.26,6.56,35,6.04
2,VIRI,0.93,4.25,11,6.04
2,VIRI,1.13,4.41,17,6.04
2,VIRI,1.23,5.79,32,6.04
2,VIRI,1.54,4.38,33,6.04
2,VIRI,1.23,4.61,17,6.04
2,VIRI,1.92,6.63,42,6.04
2,VIRI,1.76,5.47,54,6.04
2,VIRI,1.93,5.11,39,6.04
2,VIRI,0.6,4.69,2,6.04
2,VIRI,1.29,4.96,18,6.04
2,VIRI,0.91,4.37,15,6.04
2,VIRI,1.4,5.29,25,6.04
2,VIRI,1.01,4.65,21,6.04
2,VIRI,0.87,5.58,15,6.04
2,VIRI,1.21,7.12,22,6.04
2,BRIN,1.21,3.54,5,6.04
2,BRIN,0.97,2.67,4,6.04
2,BRIN,1.01,2.62,4,6.04
2,BRIN,1.1,3.6,5,6.04
2,BRIN,1,2.2,4,6.04
2,BRIN,1.05,3.05,5,6.04
2,BRIN,1.15,3.14,5,6.04
2,BRIN,1,2.68,3,6.04
2,BRIN,1.08,2.91,4,6.04
2,BRIN,1.37,4.07,6,6.04
2,BRIN,1.2,3.96,5,6.04
2,BRIN,1.3,4.4,6,6.04
2,BRIN,1,2.94,4,6.04
2,BRIN,1.34,4.48,6,6.04
2,BRIN,1.1,2.18,5,6.04
2,BRIN,1.2,2.54,5,6.04
2,BRIN,1.1,2.64,3,6.04
2,BRIN,1.1,3.22,3,6.04
2,BRIN,1.33,4.59,5,6.04
2,BRIN,1.45,4.86,6,6.04
2,PHPR,0.79,2.54,4,6.04
2,PHPR,0.63,1.87,2,6.04
2,PHPR,0.7,3.22,3,6.04
2,PHPR,0.67,1.92,2,6.04
2,PHPR,0.74,1.01,1,6.04
2,PHPR,0.72,1.04,2,6.04
2,PHPR,0.89,2.5,3,6.04
2,PHPR,0.82,1.84,2,6.04
2,PHPR,0.88,1.87,2,6.04
2,PHPR,0.93,1.91,3,6.04
2,PHPR,1,2.47,4,6.04
2,PHPR,0.7,1.47,2,6.04
2,PHPR,0.66,2.45,2,6.04
2,PHPR,0.54,1.24,1,6.04
2,PHPR,0.95,3.39,5,6.04
2,PHPR,0.88,2.23,4,6.04
2,PHPR,0.8,2.96,3,6.04
2,PHPR,1,3.02,5,6.04
2,PHPR,0.82,2.76,3,6.04
2,PHPR,0.8,1.29,3,6.04
2,RUHI,0.5,2.7,8,6.04
2,RUHI,0.52,3.6,26,6.04
2,RUHI,0.42,1.92,16,6.04
2,RUHI,0.53,3.36,46,6.04
2,RUHI,0.32,2.61,21,6.04
2,RUHI,0.61,3.56,27,6.04
2,RUHI,0.66,4.02,56,6.04
2,RUHI,0.53,2.34,24,6.04
2,RUHI,0.5,3.07,32,6.04
2,RUHI,0.49,3.91,33,6.04
2,RUHI,0.55,2.2,22,6.04
2,VICR,0.96,2.12,44,6.04
2,VICR,0.72,2.27,20,6.04
2,VICR,0.59,1.36,19,6.04
2,VICR,0.66,2.34,19,6.04
2,VICR,0.63,1.6,29,6.04
2,VICR,0.78,1.32,20,6.04
2,VICR,0.83,1.89,28,6.04
2,VICR,0.57,2.17,26,6.04
2,VICR,0.57,1.32,13,6.04
2,VICR,0.62,1.63,32,6.04
2,VICR,0.62,1.37,24,6.04
2,VICR,0.53,1.12,11,6.04
2,VICR,0.71,2.02,46,6.04
2,VICR,0.45,1.7,12,6.04
2,VICR,0.38,1.62,16,6.04
2,VICR,0.42,1.7,14,6.04
2,VICR,0.5,1.86,24,6.04
2,VICR,0.39,1.25,10,6.04
2,VICR,0.49,1.25,12,6.04
2,VICR,0.23,1.49,14,6.04
2,VICR,0.47,1.73,40,6.04
2,ASSY,0.73,10.7,17,6.04
2,ASSY,0.59,8.73,17,6.04
2,ASSY,0.555,7.61,12,6.04
2,ASSY,0.845,10.1,17,6.04
2,ASSY,0.603,8.64,16,6.04
2,ASSY,0.77,9.83,18,6.04
2,ASSY,0.66,7.77,19,6.04
2,ASSY,0.61,9.16,19,6.04
2,ASSY,0.64,8.59,15,6.04
2,ASSY,0.99,12.75,22,6.04
2,ASSY,0.78,8.95,19,6.04
2,ASSY,0.58,8.01,16,6.04
2,ASSY,0.77,10.8,17,6.04
2,ASSY,0.61,9.07,14,6.04
2,ASSY,0.71,9.81,16,6.04
2,ASSY,0.58,7.5,5,6.04
2,ASSY,0.67,12.17,24,6.04
2,ASSY,0.77,11.58,22,6.04
2,ASSY,0.82,11.28,19,6.04
2,ASSY,0.6,9.86,19,6.04
2,VAOF,0.82,3.58,22,6.04
2,VAOF,0.74,2.94,18,6.04
2,VAOF,1,4.4,26,6.04
2,VAOF,0.9,2.96,20,6.04
2,VAOF,0.92,3.62,2,6.04
2,VAOF,1,6.66,36,6.04
2,VAOF,0.8,2.66,18,6.04
2,VAOF,1.1,4.39,36,6.04
2,VAOF,0.9,4.06,32,6.04
2,VAOF,0.87,3.49,30,6.04
2,VAOF,1.08,4.41,38,6.04
2,VAOF,1.12,3.89,36,6.04
2,VAOF,0.89,3.62,30,6.04
2,VAOF,1.36,5.93,46,6.04
2,VAOF,1.46,8.18,48,6.04
2,VAOF,0.67,2.38,22,6.04
2,VAOF,1.28,4.98,44,6.04
2,VAOF,0.8,3.4,26,6.04
2,VAOF,0.93,4.23,32,6.04
2,VAOF,0.88,3.5,30,6.04
2,HYPE,0.73,4.3,216,6.04
2,HYPE,0.49,2.73,120,6.04
2,HYPE,0.53,2.89,182,6.04
2,HYPE,0.64,3.64,232,6.04
2,HYPE,0.56,2.86,144,6.04
2,HYPE,0.46,1.86,96,6.04
2,HYPE,0.6,3.08,204,6.04
2,HYPE,0.68,4.13,360,6.04
2,HYPE,0.76,4.43,484,6.04
2,HYPE,0.63,3.23,342,6.04
2,HYPE,0.48,2.68,118,6.04
2,HYPE,0.58,2.89,168,6.04
2,HYPE,0.66,3.17,348,6.04
2,HYPE,0.72,3.96,466,6.04
2,HYPE,0.48,2.57,126,6.04
2,HYPE,0.64,3.58,226,6.04
2,SOSP,0.61,5.58,30,6.04
2,SOSP,0.7,4.43,20,6.04
2,SOSP,0.55,5.04,18,6.04
2,SOSP,0.74,3.85,26,6.04
2,SOSP,0.72,3.74,36,6.04
2,SOSP,0.87,6.26,80,6.04
2,SOSP,0.63,4.81,40,6.04
2,SOSP,0.68,3.9,46,6.04
2,SOSP,0.72,5.45,40,6.04
2,SOSP,1.27,7.71,90,6.04
2,SOSP,0.82,4.78,120,6.04
2,SOSP,0.73,6.33,36,6.04
2,SOSP,0.74,6.46,40,6.04
2,SOSP,0.69,3.7,6,6.04
2,SOSP,0.64,5.45,32,6.04
2,SOSP,0.75,3.31,20,6.04
2,SOSP,0.72,2.86,28,6.04
2,SOSP,0.85,6.77,110,6.04
2,SOSP,1,7.53,88,6.04
2,SOSP,0.99,6.46,70,6.04
2,SYLA,0.66,2.83,40,6.04
2,SYLA,0.56,2.44,40,6.04
2,SYLA,0.47,1.82,20,6.04
2,SYLA,0.45,1.66,20,6.04
2,SYLA,0.32,1.32,20,6.04
2,SYLA,0.36,1.28,20,6.04
2,SYLA,0.3,1.12,20,6.04
2,SYLA,0.28,0.98,40,6.04
2,SYLA,0.31,1.25,20,6.04
2,SYLA,0.25,1.66,20,6.04
2,SYNO,0.42,3.36,40,6.04
2,SYNO,0.38,2.26,40,6.04
2,SYNO,0.4,3.4,40,6.04
2,SYNO,0.48,3.64,40,6.04
2,SYNO,0.38,2.88,20,6.04
2,SYNO,0.34,2.96,20,6.04
2,SYNO,0.32,3.11,20,6.04
2,SYNO,0.29,2.78,20,6.04
2,SYNO,0.3,2.73,20,6.04
2,SYNO,0.18,2.02,20,6.04
3,VIRO,0.87,4.53,22,35.08
3,VIRO,0.71,5.22,20,35.08
3,VIRO,0.85,4.18,20,35.08
3,VIRO,0.78,3.69,22,35.08
3,VIRO,0.7,3.7,18,35.08
3,VIRO,0.8,3.97,24,35.08
3,VIRO,0.64,2.97,14,35.08
3,VIRO,0.6,3.27,20,35.08
3,VIRO,0.76,4.04,18,35.08
3,VIRO,0.72,6.97,18,35.08
3,VIRO,0.86,4.01,23,35.08
3,VIRO,1.05,5.08,22,35.08
3,VIRO,0.79,2.29,22,35.08
3,VIRO,1,4.2,28,35.08
3,VIRO,0.91,5.26,23,35.08
3,VIRO,0.8,4.01,24,35.08
3,VIRO,0.79,4.3,24,35.08
3,VIRO,1.09,3.92,29,35.08
3,VIRO,0.84,4.18,26,35.08
3,VIRO,0.83,6.3,22,35.08
3,ASSY,0.64,10.55,20,35.08
3,ASSY,0.69,9.66,18,35.08
3,ASSY,0.825,12.34,22,35.08
3,ASSY,0.64,9.43,18,35.08
3,ASSY,0.71,7.82,20,35.08
3,ASSY,0.56,9.46,19,35.08
3,ASSY,0.63,9.97,21,35.08
3,ASSY,0.78,11.34,20,35.08
3,ASSY,0.96,12.12,26,35.08
3,ASSY,0.83,11.23,18,35.08
3,ASSY,0.89,9.47,22,35.08
3,ASSY,0.81,8.43,19,35.08
3,ASSY,0.74,7.7,22,35.08
3,ASSY,0.73,7.73,22,35.08
3,ASSY,0.56,5.77,16,35.08
3,ASSY,0.93,10.16,20,35.08
3,ASSY,0.75,8.81,22,35.08
3,ASSY,0.83,10.23,18,35.08
3,ASSY,0.79,8.4,20,35.08
3,ASSY,0.69,8.5,10,35.08
3,VAOF,0.98,2.44,18,35.08
3,VAOF,1.08,5.04,34,35.08
3,VAOF,1.12,4,28,35.08
3,VAOF,0.99,3.53,26,35.08
3,VAOF,0.98,5.12,30,35.08
3,VAOF,0.86,5.06,26,35.08
3,VAOF,1.02,5.53,38,35.08
3,VAOF,0.87,3.67,26,35.08
3,VAOF,0.9,4.77,28,35.08
3,VAOF,1,5.19,34,35.08
3,VAOF,1.16,5.37,42,35.08
3,VAOF,0.94,4.59,32,35.08
3,VAOF,0.93,4.11,32,35.08
3,VAOF,1.83,10.77,68,35.08
3,VAOF,1.22,6.45,48,35.08
3,VAOF,0.9,4.2,32,35.08
3,VAOF,0.96,3.76,36,35.08
3,VAOF,0.9,4.24,30,35.08
3,VAOF,1.68,8.76,56,35.08
3,VAOF,1.74,9.48,64,35.08
3,VICR,0.5,1.12,8,35.08
3,VICR,0.53,1.94,9,35.08
3,VICR,0.7,1.72,12,35.08
3,VICR,0.64,1.64,7,35.08
3,VICR,0.77,2.01,14,35.08
3,VICR,0.46,1.27,9,35.08
3,VICR,0.9,2.27,16,35.08
3,VICR,0.86,2.07,12,35.08
3,VICR,0.76,2.04,14,35.08
3,VICR,0.48,1.48,6,35.08
3,VICR,0.88,2.46,18,35.08
3,VICR,0.62,1.42,127,35.08
3,VICR,0.48,1.29,7,35.08
3,VICR,0.82,2.08,13,35.08
3,VICR,0.6,2.03,12,35.08
3,VICR,0.58,1.46,8,35.08
3,VICR,0.74,2.08,11,35.08
3,VICR,0.86,2.29,13,35.08
3,VICR,0.44,1.12,5,35.08
3,VICR,0.36,1.06,4,35.08
4,VAOF,0.95,6.21,48,15.4
4,VAOF,0.84,7.05,44,15.4
4,VAOF,0.98,8.26,64,15.4
4,VAOF,0.75,5.24,32,15.4
4,VAOF,0.86,6.46,38,15.4
4,VAOF,0.9,7.68,56,15.4
4,VAOF,1,8.05,68,15.4
4,VAOF,0.68,4.41,30,15.4
4,VAOF,0.75,5.19,42,15.4
4,VAOF,0.77,6.34,46,15.4
4,VAOF,0.95,7.88,54,15.4
4,VAOF,0.88,5.92,50,15.4
4,VAOF,0.69,5.21,48,15.4
4,VAOF,0.97,7.2,50,15.4
4,VAOF,0.83,6.05,44,15.4
4,VAOF,0.89,7.48,46,15.4
4,VAOF,0.92,8.63,49,15.4
4,VAOF,1.07,7.07,58,15.4
4,VAOF,1.05,8.45,56,15.4
4,AGGI,0.53,2.01,2,15.4
4,AGGI,0.57,1.45,3,15.4
4,AGGI,0.42,1.28,3,15.4
4,AGGI,0.41,1.31,2,15.4
4,AGGI,0.46,2.01,3,15.4
4,AGGI,0.45,3.14,3,15.4
4,AGGI,0.45,1.42,3,15.4
4,AGGI,0.46,1.6,3,15.4
4,AGGI,0.53,1.27,3,15.4
4,AGGI,0.5,1.24,4,15.4
4,AGGI,0.59,1.43,4,15.4
4,AGGI,0.45,1.27,3,15.4
4,AGGI,0.46,1.21,3,15.4
4,AGGI,0.52,1.34,3,15.4
4,AGGI,0.6,2.19,3,15.4
4,AGGI,0.51,0.96,4,15.4
4,AGGI,0.52,1.52,3,15.4
4,AGGI,0.49,1.1,5,15.4
4,AGGI,0.7,2,4,15.4
4,AGGI,0.73,1.63,4,15.4
4,VICR,0.72,1.52,18,15.4
4,VICR,0.75,1.68,22,15.4
4,VICR,0.34,1.02,,15.4
4,VICR,0.48,1.33,12,15.4
4,VICR,0.62,1.17,20,15.4
4,VICR,0.68,1.42,26,15.4
4,VICR,0.55,1.07,22,15.4
4,VICR,0.5,0.98,14,15.4
4,VICR,0.53,1.29,18,15.4
4,VICR,0.88,2.26,36,15.4
4,VICR,0.55,1.3,16,15.4
4,VICR,0.65,1.36,38,15.4
4,VICR,0.36,1.98,30,15.4
4,VICR,0.45,1.08,26,15.4
4,VICR,0.45,1.56,12,15.4
4,VICR,0.47,1.56,14,15.4
4,VICR,0.52,1.08,14,15.4
4,VICR,0.34,1.13,19,15.4
4,VICR,0.44,1.52,12,15.4
4,VICR,0.42,1.4,17,15.4
4,ASSY,0.59,9.35,14,15.4
4,ASSY,0.5,8.77,14,15.4
4,ASSY,0.52,11.67,14,15.4
4,ASSY,0.85,11.09,22,15.4
4,ASSY,0.64,11.25,20,15.4
4,ASSY,0.79,10.2,18,15.4
4,ASSY,0.5,8.04,14,15.4
4,ASSY,0.85,9.73,18,15.4
4,ASSY,0.77,9.1,23,15.4
4,ASSY,0.65,8.48,16,15.4
4,CHLE,0.35,3.68,18,15.4
4,CHLE,0.38,2.52,15,15.4
4,CHLE,0.27,1.06,9,15.4
4,CHLE,0.34,2.3,13,15.4
4,CHLE,0.27,0.88,9,15.4
4,CHLE,0.54,2.66,18,15.4
4,CHLE,0.47,2.4,14,15.4
4,CHLE,0.48,1.96,9,15.4
4,CHLE,0.44,2.93,11,15.4
4,CHLE,0.85,2.7,11,15.4
4,CHLE,0.45,1.83,16,15.4
4,CHLE,0.43,1.98,1,15.4
4,CHLE,0.5,1.82,18,15.4
4,CHLE,0.49,2.99,22,15.4
4,CHLE,0.44,1.61,18,15.4
4,CHLE,0.55,2.44,16,15.4
4,CHLE,0.44,1.4,13,15.4
4,CHLE,0.44,1.91,17,15.4
4,CHLE,0.49,1.01,16,15.4
4,CHLE,0.56,1.56,14,15.4
4,BRIN ,0.91,3.76,3,15.4
4,BRIN ,0.86,2.38,2,15.4
4,BRIN ,0.94,2.49,4,15.4
4,BRIN ,0.78,2.75,4,15.4
4,BRIN ,0.88,2.97,4,15.4
4,BRIN ,0.97,2.57,4,15.4
4,BRIN ,0.96,2.52,5,15.4
4,BRIN ,1.04,2.67,4,15.4
4,BRIN ,1.05,2.47,3,15.4
4,BRIN ,1.15,2.68,4,15.4
4,BRIN ,1.02,3.42,4,15.4
4,BRIN ,0.99,3.19,5,15.4
4,BRIN ,0.92,2.47,4,15.4
4,BRIN ,0.01,3.95,5,15.4
4,BRIN ,1.03,3.79,5,15.4
4,BRIN ,0.97,4.33,6,15.4
4,BRIN ,1.04,2.89,4,15.4
4,BRIN ,0.88,2.88,5,15.4
4,BRIN ,1.07,4.86,6,15.4
4,BRIN ,1.08,2.86,5,15.4
4,INHE,1.05,9.19,12,15.4
4,INHE,1.09,11.81,14,15.4
4,INHE,1.45,12,14,15.4
4,INHE,1.09,9.56,13,15.4
4,INHE,0.9,8.52,8,15.4
4,INHE,1.24,11.12,13,15.4
4,INHE,0.94,12.09,14,15.4
4,INHE,0.68,9.78,1,15.4
4,INHE,0.94,9.02,12,15.4
4,INHE,1.12,11.22,14,15.4
4,INHE,1.16,10.69,12,15.4
4,INHE,1.12,12.47,16,15.4
4,INHE,1.47,12.4,18,15.4
4,INHE,1.32,12.3,28,15.4
4,INHE,1.04,9.67,14,15.4
4,INHE,1.34,12.99,19,15.4
4,INHE,1.37,12.15,24,15.4
4,INHE,0.97,8.93,12,15.4
4,INHE,1.19,11.65,22,15.4
4,INHE,1.58,13.83,32,15.4
4,VIRO,0.58,3.47,16,15.4
4,VIRO,0.91,4.46,24,15.4
4,VIRO,0.61,2.95,17,15.4
4,VIRO,0.83,3.82,22,15.4
4,VIRO,0.62,4.15,16,15.4
4,VIRO,0.53,3.21,18,15.4
4,VIRO,0.75,2.4,20,15.4
4,VIRO,0.79,4.09,22,15.4
4,VIRO,0.6,3.59,18,15.4
4,VIRO,0.65,3.84,19,15.4
4,VIRO,0.64,4.29,20,15.4
4,VIRO,0.78,5.03,20,15.4
4,VIRO,0.71,4.26,18,15.4
4,VIRO,0.77,5.42,22,15.4
4,VIRO,1,5.81,26,15.4
4,VIRO,1.04,6.55,24,15.4
4,VIRO,0.67,3.8,22,15.4
4,VIRO,0.66,4.97,20,15.4
4,VIRO,0.84,5.12,22,15.4
4,VIRO,0.48,3.16,16,15.4
4,SOSP,0.82,2.79,36,15.4
4,SOSP,1,5.26,60,15.4
4,SOSP,0.96,5.11,56,15.4
4,SOSP,0.68,5.56,70,15.4
4,SOSP,0.89,4.7,48,15.4
4,SOSP,0.6,4.73,28,15.4
4,SOSP,0.71,4.6,52,15.4
4,SOSP,0.88,4.91,72,15.4
4,SOSP,0.66,6.39,44,15.4
4,SOSP,0.76,4.51,40,15.4
4,SOSP,0.95,5.57,78,15.4
4,SOSP,1.24,9.26,120,15.4
4,SOSP,0.93,7.12,78,15.4
4,SOSP,0.94,7.9,68,15.4
4,SOSP,0.6,3.38,36,15.4
4,SOSP,0.58,3.71,32,15.4
4,SOSP,0.61,4.85,52,15.4
4,SOSP,1.3,8.75,88,15.4
4,SOSP,1.1,8.71,86,15.4
4,SOSP,0.66,3.98,44,15.4
4,SYER,0.64,1.89,100,15.4
4,SYER,0.58,1.78,125,15.4
4,SYER,0.42,0.94,75,15.4
4,SYER,0.89,0.67,50,15.4
4,SYER,0.66,2.04,125,15.4
4,SYER,0.53,1.17,100,15.4
4,SYER,0.45,1.15,100,15.4
4,SYER,0.46,0.95,50,15.4
4,SYER,0.62,2.74,175,15.4
4,SYER,0.72,2.28,200,15.4
4,SYER,0.57,1.33,100,15.4
4,SYER,0.44,0.57,75,15.4
4,SYER,0.6,1.61,100,15.4
4,SYER,0.41,1,50,15.4
4,SYER,0.53,1.35,125,15.4
4,SYER,0.8,4.35,220,15.4
4,SYER,0.57,1.79,5,15.4
4,SYER,0.74,2.49,75,15.4
4,SYER,0.83,2.83,175,15.4
4,SYER,0.45,2.22,100,15.4
4,SYNO,0.69,5.5,120,15.4
4,SYNO,0.67,3.91,88,15.4
4,SYNO,0.6,4.28,78,15.4
4,SYNO,0.55,3.25,30,15.4
4,SYNO,0.57,3.6,62,15.4
4,SYNO,0.62,2.4,38,15.4
4,SYNO,0.53,3.27,36,15.4
4,SYNO,0.56,5.07,64,15.4
4,SYNO,0.66,3.93,56,15.4
4,SYNO,0.71,4.23,72,15.4
4,SYLA,0.62,2.8,40,15.4
4,SYLA,0.65,3.07,60,15.4
4,SYLA,0.61,3.13,40,15.4
4,SYLA,0.64,2.78,20,15.4
4,SYLA,0.37,1.68,20,15.4
4,SYLA,0.78,3.82,80,15.4
4,SYLA,0.75,3.58,60,15.4
4,SYLA,0.7,2.59,60,15.4
4,SYLA,0.56,3.58,40,15.4
4,SYLA,0.61,3.98,60,15.4
4,SYLA,0.45,2.5,20,15.4
4,SYLA,0.63,3.26,40,15.4
4,SYLA,0.64,3.26,60,15.4
4,SYLA,0.56,3.13,40,15.4
4,SYLA,0.56,3.89,80,15.4
4,SYLA,0.53,3.77,20,15.4
4,SYLA,0.48,2.77,20,15.4
4,SYLA,0.7,3.83,80,15.4
4,SYLA,1,5.59,100,15.4
4,SYLA,1.02,4.39,100,15.4
5,MOFI,0.71,3.87,54,27.6
5,MOFI,0.76,4.81,58,27.6
5,MOFI,0.56,3.63,64,27.6
5,MOFI,0.76,4.97,96,27.6
5,MOFI,0.62,3.44,48,27.6
5,MOFI,0.65,3,52,27.6
5,MOFI,0.65,4.41,64,27.6
5,MOFI,0.71,4.42,62,27.6
5,MOFI,0.81,4.59,60,27.6
5,MOFI,0.42,3.11,40,27.6
5,MOFI,0.52,3.07,43,27.6
5,MOFI,0.66,3.96,60,27.6
5,MOFI,0.84,6.09,58,27.6
5,MOFI,0.78,3.59,50,27.6
5,MOFI,0.58,3.76,40,27.6
5,MOFI,0.5,3.45,44,27.6
5,MOFI,0.54,2.97,26,27.6
5,MOFI,0.8,4.43,42,27.6
5,MOFI,0.65,3.32,38,27.6
5,MOFI,0.81,3.71,40,27.6
5,AGGI,0.7,1.33,3,27.6
5,AGGI,0.68,1.69,3,27.6
5,AGGI,0.6,0.74,3,27.6
5,AGGI,0.76,1.18,4,27.6
5,AGGI,0.71,1.45,3,27.6
5,AGGI,0.71,0.79,3,27.6
5,AGGI,0.56,0.47,2,27.6
5,AGGI,0.6,0.68,3,27.6
5,AGGI,0.7,1.06,3,27.6
5,AGGI,0.75,1.24,4,27.6
5,AGGI,0.67,1.14,3,27.6
5,AGGI,0.66,1.35,3,27.6
5,AGGI,0.81,2.07,3,27.6
5,AGGI,0.67,1.02,3,27.6
5,AGGI,0.8,1.23,4,27.6
5,AGGI,0.74,1.02,4,27.6
5,AGGI,0.77,1.14,3,27.6
5,AGGI,0.84,1.94,5,27.6
5,AGGI,0.73,1.83,3,27.6
5,AGGI,0.74,1.73,4,27.6
5,MEAL,0.92,3.92,202,27.6
5,MEAL,1.28,5.57,310,27.6
5,MEAL,0.87,2.36,160,27.6
5,MEAL,1.12,4.46,360,27.6
5,MEAL,1.39,5.73,560,27.6
5,MEAL,1.28,5.78,470,27.6
5,MEAL,1.31,4.91,420,27.6
5,MEAL,1.27,6.03,580,27.6
5,MEAL,0.79,2.56,100,27.6
5,MEAL,1.55,7.76,680,27.6
5,MEAL,1.06,4.72,320,27.6
5,MEAL,1.19,4.19,340,27.6
5,MEAL,1.16,4.3,360,27.6
5,MEAL,1.09,4.43,320,27.6
5,MEAL,1.56,6.82,640,27.6
5,MEAL,1.66,6.47,660,27.6
5,MEAL,0.89,3.18,130,27.6
5,MEAL,0.94,3.34,140,27.6
5,MEAL,0.98,3.47,220,27.6
5,MEAL,1.44,5.86,490,27.6
5,ANCA,0.42,2.65,7,27.6
5,ANCA,0.47,2.24,7,27.6
5,ANCA,0.41,2.38,7,27.6
5,ANCA,0.51,2.29,7,27.6
5,ANCA,0.47,2.4,7,27.6
5,ANCA,0.46,2.78,7,27.6
5,ANCA,0.49,3.59,7,27.6
5,ANCA,0.5,3.33,7,27.6
5,ANCA,0.52,3.44,7,27.6
5,ANCA,0.45,3.71,8,27.6
5,ANCA,0.47,3.69,7,27.6
5,VIRO,0.67,4.61,18,27.6
5,VIRO,0.85,5.27,22,27.6
5,VIRO,0.67,3.02,14,27.6
5,VIRO,0.65,3.65,21,27.6
5,VIRO,0.75,4.16,22,27.6
5,VIRO,0.58,3.59,16,27.6
5,VIRO,0.62,3.59,8,27.6
5,VIRO,0.76,3.04,18,27.6
5,VIRO,0.56,4.01,20,27.6
5,VIRO,0.7,3.54,0,27.6
5,VIRO,0.74,5.8,22,27.6
5,VIRO,0.64,4.47,18,27.6
5,VIRO,0.62,4.6,20,27.6
5,VIRO,0.59,3.66,20,27.6
5,VIRO,0.73,3.87,20,27.6
5,VIRO,0.54,3.92,14,27.6
5,VIRO,0.73,5.94,18,27.6
5,VIRO,0.87,6.79,24,27.6
5,VIRO,0.63,5.42,22,27.6
5,VIRO,0.55,3.67,14,27.6
5,VICR,0.55,1.3,16,27.6
5,VICR,0.65,1.36,38,27.6
5,VICR,0.36,1.98,30,27.6
5,VICR,0.45,1.08,2,27.6
5,VICR,0.45,1.16,12,27.6
5,VICR,0.47,1.56,14,27.6
5,VICR,0.52,1.08,14,27.6
5,VICR,0.34,1.13,19,27.6
5,VICR,0.44,1.52,12,27.6
5,VICR,0.42,1.4,17,27.6
5,VICR,0.52,2.39,13,27.6
5,VICR,0.36,1.15,6,27.6
5,VICR,0.38,2.13,20,27.6
5,VICR,0.36,0.4,16,27.6
5,VICR,0.55,1.92,11,27.6
5,VICR,0.68,1.76,42,27.6
5,VICR,0.15,1.03,9,27.6
5,VICR,0.46,1.78,11,27.6
5,VICR,0.43,1.68,38,27.6
5,VICR,0.47,1.34,21,27.6
5,ASSY,0.86,10.24,16,27.6
5,ASSY,0.89,11.69,16,27.6
5,ASSY,0.88,11.5,24,27.6
5,ASSY,0.7,8.22,20,27.6
5,ASSY,0.61,8.34,12,27.6
5,ASSY,0.76,10.72,17,27.6
5,ASSY,0.6,8.67,16,27.6
5,ASSY,0.67,10.58,16,27.6
5,ASSY,0.7,7.85,14,27.6
5,ASSY,0.73,9.62,16,27.6
5,ASSY,0.47,5.21,17,27.6
5,ASSY,0.91,9.56,21,27.6
5,ASSY,0.77,8.94,17,27.6
5,ASSY,0.68,7.58,20,27.6
5,ASSY,0.8,7.36,18,27.6
5,ASSY,0.79,9.98,18,27.6
5,ASSY,0.5,6.67,12,27.6
5,ASSY,0.71,8.85,10,27.6
5,ASSY,0.75,8.15,19,27.6
5,ASSY,0.67,6.67,1,27.6
5,ACMI,0.67,3.4,15,27.6
5,ACMI,0.57,2.78,16,27.6
5,ACMI,0.77,4.96,26,27.6
5,ACMI,0.79,4.12,18,27.6
5,ACMI,0.57,3.41,16,27.6
5,ACMI,0.47,2.29,15,27.6
5,ACMI,0.64,3.82,18,27.6
5,ACMI,0.5,2.29,12,27.6
5,ACMI,0.56,3.17,16,27.6
5,ACMI,0.6,3.53,22,27.6
5,ACMI,0.53,3.39,18,27.6
5,ACMI,0.57,2.53,24,27.6
5,ACMI,0.57,3.58,26,27.6
5,ACMI,0.57,2.79,18,27.6
5,ACMI,0.51,3.2,22,27.6
5,ACMI,0.49,2.86,20,27.6
5,ACMI,0.67,3.78,24,27.6
5,ACMI,0.87,5.18,36,27.6
5,ACMI,0.77,4.86,30,27.6
5,ACMI,0.67,3.28,28,27.6
5,CIAR,0.74,6.28,32,27.6
5,CIAR,0.87,6.81,36,27.6
5,CIAR,0.75,7.67,38,27.6
5,CIAR,0.88,9.87,48,27.6
5,CIAR,0.62,5.35,26,27.6
5,CIAR,0.66,6.34,32,27.6
5,CIAR,0.67,6.71,34,27.6
5,CIAR,0.6,6.63,18,27.6
5,CIAR,0.58,6.08,16,27.6
5,CIAR,0.7,5.11,28,27.6
5,CIAR,1,10.27,66,27.6
5,CIAR,0.55,3.82,18,27.6
5,CIAR,0.87,8.86,34,27.6
5,CIAR,0.86,8.38,38,27.6
5,CIAR,0.53,5.39,26,27.6
5,CIAR,0.66,6.94,32,27.6
5,CIAR,0.63,5.39,22,27.6
5,CIAR,0.92,8.32,56,27.6
5,CIAR,0.96,9.47,64,27.6
5,CIAR,1,11.87,88,27.6
5,SOSP,0.66,4.49,36,27.6
5,SOSP,0.77,4.98,48,27.6
5,SOSP,0.9,7.51,72,27.6
5,SOSP,1,7.71,84,27.6
5,SOSP,0.8,3.36,58,27.6
5,SOSP,0.75,4.23,44,27.6
5,SOSP,0.93,7.51,72,27.6
5,SOSP,0.74,5.35,40,27.6
5,SOSP,0.5,3.45,32,27.6
5,SOSP,0.65,4.25,54,27.6
5,SOSP,0.75,3.81,48,27.6
5,SOSP,0.85,5.5,60,27.6
5,SOSP,0.58,3.56,28,27.6
5,SOSP,0.85,5.33,60,27.6
5,SOSP,0.7,4.19,36,27.6
5,SOSP,0.86,4.95,54,27.6
5,SOSP,0.48,4.18,24,27.6
5,SOSP,0.72,3.54,42,27.6
5,SOSP,0.55,4.24,30,27.6
5,SOSP,0.71,4.81,40,27.6
5,SYER,0.81,3.8,175,27.6
5,SYER,0.57,3.2,75,27.6
5,SYER,0.85,4.25,225,27.6
5,SYER,0.65,2.91,100,27.6
5,SYER,0.47,1.28,75,27.6
5,SYER,0.49,1.21,75,27.6
5,SYER,0.57,1.93,100,27.6
5,SYER,0.6,1.87,125,27.6
5,SYER,0.69,2.23,125,27.6
5,SYER,0.73,1.93,150,27.6
5,SYER,0.55,2.18,150,27.6
5,SYER,0.62,1.39,75,27.6
5,SYER,0.64,2.9,150,27.6
5,SYER,0.67,2.7,175,27.6
5,SYER,0.78,2.93,175,27.6
5,SYER,0.91,3.46,200,27.6
5,SYER,0.86,3.41,200,27.6
5,SYER,0.62,2.29,125,27.6
5,SYER,0.93,4.49,225,27.6
5,SYER,0.72,3.45,175,27.6
5,SYNO,0.43,1.26,88,27.6
5,SYNO,0.65,3.48,72,27.6
5,SYNO,0.9,7.08,180,27.6
5,SYNO,0.81,4.93,160,27.6
5,SYNO,1,5.67,100,27.6
5,SYNO,0.73,5.36,120,27.6
5,SYNO,0.77,5.42,96,27.6
5,SYNO,0.71,4.29,60,27.6
5,SYNO,0.66,3.62,72,27.6
5,SYNO,0.81,3.96,52,27.6
5,SYNO,0.7,3.51,88,27.6
5,SYNO,0.68,3.33,70,27.6
5,SYNO,0.62,3.42,56,27.6
5,SYNO,0.8,7.07,180,27.6
5,SYNO,0.95,8.06,240,27.6
5,SYNO,0.91,6.87,200,27.6
5,SYNO,0.55,3.01,44,27.6
5,SYNO,1.12,8.4,300,27.6
5,SYNO,0.55,2.87,42,27.6
5,SYNO,0.65,4.45,60,27.6
5,SYLA,1.02,6.77,100,27.6
5,SYLA,1.21,7.02,120,27.6
5,SYLA,1.45,7.47,160,27.6
5,SYLA,0.44,2.93,40,27.6
5,SYLA,0.74,4.1,60,27.6
5,SYLA,0.75,4.71,60,27.6
5,SYLA,0.77,4.88,40,27.6
5,SYLA,0.64,3.33,20,27.6
5,SYLA,0.66,4.12,40,27.6
5,SYLA,0.5,4.01,60,27.6
5,SYLA,0.43,3.13,40,27.6
5,SYLA,0.49,3,60,27.6
5,SYLA,0.72,3.9,40,27.6
5,SYLA,0.83,4.1,80,27.6
5,SYLA,0.88,3.87,100,27.6
5,SYLA,0.39,3.03,20,27.6
5,SYLA,0.33,2.77,20,27.6
5,SYLA,0.88,4.12,60,27.6
5,SYLA,0.86,3.83,80,27.6
5,SYLA,0.54,2.17,100,27.6
6,MELU,0.51,2.7,89,7.16
6,MELU,0.28,1.45,33,7.16
6,MELU,0.33,0.74,3,7.16
6,MELU,0.44,1.05,72,7.16
6,MELU,0.5,1.66,99,7.16
6,MELU,0.34,1.17,57,7.16
6,MELU,0.44,1.15,68,7.16
6,MELU,0.26,1.18,60,7.16
6,MELU,0.43,1.98,72,7.16
6,MELU,0.25,1.33,49,7.16
6,MELU,0.42,1.74,69,7.16
6,RAAC,0.65,1.29,30,7.16
6,RAAC,0.27,2.12,48,7.16
6,RAAC,0.7,2.36,61,7.16
6,RAAC,0.73,2.43,32,7.16
6,RAAC,0.85,3.14,40,7.16
6,RAAC,0.67,2.67,20,7.16
6,RAAC,0.73,1.41,32,7.16
6,RAAC,0.72,1.71,36,7.16
6,RAAC,0.32,2.64,20,7.16
6,RAAC,0.9,2.79,18,7.16
6,RAAC,0.58,1.54,66,7.16
6,RAAC,0.59,1.78,85,7.16
6,RAAC,0.61,1.12,50,7.16
6,RAAC,0.61,2.14,43,7.16
6,RAAC,0.54,2.19,46,7.16
6,RAAC,0.63,1.86,25,7.16
6,RAAC,0.65,2.2,37,7.16
6,RAAC,0.62,1.37,17,7.16
6,RAAC,0.75,1.72,35,7.16
6,RAAC,0.64,2.04,43,7.16
6,CIAR,0.69,6.04,17,7.16
6,CIAR,0.9,7.01,16,7.16
6,CIAR,0.83,8.29,12,7.16
6,CIAR,0.83,7.53,15,7.16
6,CIAR,0.76,6.12,12,7.16
6,CIAR,0.81,5.07,12,7.16
6,CIAR,0.8,9.97,17,7.16
6,CIAR,0.59,7.84,15,7.16
6,CIAR,0.81,5.62,13,7.16
6,CIAR,0.65,8.8,16,7.16
6,CIAR,0.66,4.53,16,7.16
6,CIAR,0.89,7.3,15,7.16
6,CIAR,0.79,6.13,19,7.16
6,CIAR,0.56,5.08,4,7.16
6,CIAR,0.72,4.89,11,7.16
6,CIAR,0.69,6.88,12,7.16
6,CIAR,0.65,5.51,14,7.16
6,CIAR,0.96,9.51,36,7.16
6,CIAR,0.81,7.15,29,7.16
6,CIAR,0.87,7.59,25,7.16
6,VIRO,0.99,5.3,26,7.16
6,VIRO,0.81,5.1,22,7.16
6,VIRO,0.64,3.61,22,7.16
6,VIRO,1.05,4.72,30,7.16
6,VIRO,1.08,6.72,26,7.16
6,VIRO,0.8,4.27,18,7.16
6,VIRO,0.98,4.51,20,7.16
6,VIRO,0.82,3.99,20,7.16
6,VIRO,0.81,3.74,20,7.16
6,VIRO,1,4.5,22,7.16
6,VIRO,0.91,5.52,24,7.16
6,VIRO,0.78,4.38,22,7.16
6,VIRO,1.17,4.92,36,7.16
6,VIRO,0.8,4.34,24,7.16
6,VIRO,0.66,4.59,18,7.16
6,VIRO,0.8,5.04,26,7.16
6,VIRO,0.88,5.01,22,7.16
6,VIRO,0.87,5.14,22,7.16
6,VIRO,0.73,3.66,20,7.16
6,VIRO,1.03,4.92,26,7.16
6,VIRO,1.25,5.41,30,7.16
6,DICA,0.46,3.3,15,7.16
6,DICA,0.55,3.53,14,7.16
6,DICA,0.57,2.32,16,7.16
6,DICA,0.57,3.05,19,7.16
6,DICA,0.53,2.53,14,7.16
6,DICA,0.7,4.07,28,7.16
6,DICA,0.63,4.92,15,7.16
6,DICA,0.47,1.41,12,7.16
6,DICA,0.63,2.17,16,7.16
6,DICA,0.62,1.97,14,7.16
6,DICA,0.54,2.52,14,7.16
6,DICA,0.64,3.28,22,7.16
6,DICA,0.47,2.73,14,7.16
6,DICA,0.33,1.96,12,7.16
6,DICA,0.55,2.69,22,7.16
6,DICA,0.41,1.78,14,7.16
6,DICA,0.66,3.63,42,7.16
6,DICA,0.63,2.33,14,7.16
6,DICA,0.57,2.65,22,7.16
6,DICA,0.52,2.18,16,7.16
6,ASSY,0.71,8.53,16,7.16
6,ASSY,0.72,7.67,14,7.16
6,ASSY,0.79,9.87,12,7.16
6,ASSY,1.1,9.56,18,7.16
6,ASSY,1,10.32,16,7.16
6,ASSY,0.89,9.53,18,7.16
6,ASSY,0.87,8.18,16,7.16
6,ASSY,0.8,9.87,20,7.16
6,ASSY,0.98,10.65,18,7.16
6,ASSY,1.12,14.4,24,7.16
6,TRPRA,0.36,0.65,9,7.16
6,TRPRA,0.56,2.95,24,7.16
6,TRPRA,0.6,3.24,36,7.16
6,TRPRA,0.36,1.93,27,7.16
6,TRPRA,0.5,3.39,33,7.16
6,TRPRA,0.35,1.4,15,7.16
6,TRPRA,0.7,3.49,36,7.16
6,TRPRA,0.46,1.88,15,7.16
6,TRPRA,0.28,0.56,18,7.16
6,TRPRA,0.47,3.42,18,7.16
6,TRPRA,0.37,1.7,18,7.16
6,TRPRA,0.63,3.5,33,7.16
6,TRPRA,0.45,1.87,12,7.16
6,TRPRA,0.55,1.31,15,7.16
6,TRPRA,0.3,1.29,12,7.16
6,TRPRA,0.46,2.48,15,7.16
6,TRPRA,0.57,3.06,21,7.16
6,TRPRA,0.45,1.45,21,7.16
6,TRPRA,0.6,3.35,30,7.16
6,TRPRA,0.46,1.2,24,7.16
6,RUHI,0.73,3.48,6,7.16
6,RUHI,0.75,2.1,6,7.16
6,RUHI,0.8,3.27,8,7.16
6,RUHI,0.73,3.04,7,7.16
6,RUHI,0.86,3.95,9,7.16
6,RUHI,0.68,2.49,5,7.16
6,RUHI,0.62,1.69,4,7.16
6,RUHI,0.91,4.86,12,7.16
6,RUHI,0.75,2.39,6,7.16
6,RUHI,0.69,3.51,6,7.16
6,MEAL,1.05,5.05,87,7.16
6,MEAL,1.44,7.12,345,7.16
6,MEAL,1.42,7.76,630,7.16
6,MEAL,0.85,5.58,225,7.16
6,MEAL,1.42,7.14,325,7.16
6,MEAL,2.07,9.25,440,7.16
6,MEAL,1.54,5.3,420,7.16
6,MEAL,1.08,5.37,310,7.16
6,MEAL,1.16,7.24,210,7.16
6,MEAL,0.92,4.48,92,7.16
6,MEAL,0.73,2.91,38,7.16
6,MEAL,0.63,3.11,31,7.16
6,MEAL,0.79,3.97,50,7.16
6,MEAL,0.68,1.5,18,7.16
6,MEAL,0.7,1.41,27,7.16
6,MEAL,0.61,0.88,22,7.16
6,MEAL,0.77,2.38,33,7.16
6,MEAL,0.77,0.86,30,7.16
6,MEAL,0.8,1.6,25,7.16
6,MEAL,0.59,2.73,23,7.16
6,MEAL,0.76,1.16,21,7.16
6,ERAN,0.47,2.27,16,7.16
6,ERAN,0.76,3.89,34,7.16
6,ERAN,0.35,0.94,10,7.16
6,ERAN,0.57,3.14,31,7.16
6,ERAN,0.5,2.01,18,7.16
6,ERAN,0.58,2.2,25,7.16
6,ERAN,0.66,2.93,17,7.16
6,ERAN,0.74,3.05,31,7.16
6,ERAN,0.72,2.87,21,7.16
6,ERAN,0.54,2.73,25,7.16
6,ERAN,0.83,5.2,30,7.16
6,GEUR,0.63,3.43,38,7.16
6,GEUR,0.678,3.53,48,7.16
6,GEUR,0.87,4.36,52,7.16
6,GEUR,0.5,3.19,34,7.16
6,GEUR,0.63,4.46,45,7.16
6,GEUR,0.47,3.8,28,7.16
6,GEUR,0.57,3.07,35,7.16
6,GEUR,0.51,3.29,34,7.16
6,GEUR,0.58,4.34,34,7.16
6,GEUR,0.56,3.87,31,7.16
6,GEUR,0.57,3.02,29,7.16
6,LIVU,0.66,4,25,7.16
6,LIVU,0.38,1.73,19,7.16
6,LIVU,0.64,2.49,36,7.16
6,LIVU,0.5,2.45,21,7.16
6,LIVU,0.36,1.17,15,7.16
6,LIVU,0.7,3.94,20,7.16
6,LIVU,0.5,2.52,16,7.16
6,LIVU,0.5,3.55,25,7.16
6,LIVU,0.48,2.02,15,7.16
6,LIVU,0.58,2.78,14,7.16
6,LIVU,0.71,3.69,25,7.16
6,ANCA,0.39,2.55,5,7.16
6,ANCA,0.43,3.21,7,7.16
6,ANCA,0.42,2.54,7,7.16
6,ANCA,0.41,2.1,7,7.16
6,ANCA,0.44,2.43,7,7.16
6,ANCA,0.34,1.85,5,7.16
6,ANCA,0.38,1.47,5,7.16
6,ANCA,0.39,3.65,5,7.16
6,ANCA,0.34,2.35,5,7.16
6,ANCA,0.36,1.87,5,7.16
6,ANCA,0.41,3.1,7,7.16
6,PICA,0.07,2.19,3,7.16
6,PICA,0.09,1.38,5,7.16
6,PICA,0.37,2.27,4,7.16
6,PICA,0.15,2.52,3,7.16
6,PICA,0.08,1.88,4,7.16
6,PICA,0.29,2.62,5,7.16
6,PICA,0.07,1.98,3,7.16
6,PICA,0.28,2.05,4,7.16
6,PICA,0.04,2.18,5,7.16
6,PICA,0.1,2.12,4,7.16
6,PICA,0.04,1.96,3,7.16
6,BRIN,0.8,3.15,10,7.16
6,BRIN,0.9,3.3,9,7.16
6,BRIN,0.83,2.85,9,7.16
6,BRIN,0.85,3.05,7,7.16
6,BRIN,0.75,1.95,9,7.16
6,BRIN,0.93,3.74,11,7.16
6,BRIN,0.69,1.74,7,7.16
6,BRIN,0.67,1.73,7,7.16
6,BRIN,0.79,2.27,9,7.16
6,BRIN,0.8,2.67,9,7.16
6,BRIN,0.95,3.15,11,7.16
6,BRIN,0.78,2.59,11,7.16
6,BRIN,0.85,2.78,11,7.16
6,BRIN,0.73,2.74,9,7.16
6,BRIN,0.85,2.43,11,7.16
6,BRIN,0.82,2.15,11,7.16
6,BRIN,0.67,1.76,9,7.16
6,BRIN,0.68,1.36,7,7.16
6,BRIN,0.6,1.55,7,7.16
6,SOSP,0.76,4.88,24,7.16
6,SOSP,0.85,6.19,44,7.16
6,SOSP,0.83,5.07,38,7.16
6,SOSP,0.79,5.39,48,7.16
6,SOSP,1.1,7.22,56,7.16
6,SOSP,0.78,6.6,36,7.16
6,SOSP,0.65,4.39,34,7.16
6,SOSP,0.81,6.69,66,7.16
6,SOSP,1.15,9.15,64,7.16
6,SOSP,0.77,4.83,40,7.16
6,SOSP,0.66,5.46,48,7.16
6,SOSP,0.59,4.5,36,7.16
6,SOSP,0.77,4.7,42,7.16
6,SOSP,0.9,5.4,66,7.16
6,SOSP,0.72,5.55,38,7.16
6,SOSP,0.66,4.44,28,7.16
6,SOSP,0.8,6.61,44,7.16
6,SOSP,0.9,8.25,64,7.16
6,SOSP,0.7,7.47,52,7.16
6,SYNO,0.42,4.49,40,7.16
6,SYNO,0.36,4,20,7.16
6,SYNO,0.59,3.77,60,7.16
6,SYNO,0.62,3.35,40,7.16
6,SYNO,0.86,6.37,80,7.16
6,SYNO,0.55,6.19,140,7.16
6,SYNO,0.68,5.31,80,7.16
6,SYNO,0.58,3.32,40,7.16
6,SYNO,0.7,2.84,40,7.16
6,SYNO,0.67,3.46,40,7.16
6,SYNO,0.78,4.56,80,7.16
6,SYNO,0.65,4.87,60,7.16
6,SYNO,0.6,3.31,20,7.16
6,SYNO,0.69,3.77,20,7.16
6,SYNO,0.58,3.71,40,7.16
6,SYNO,0.9,6.72,80,7.16
6,SYNO,0.87,5.04,80,7.16
6,SYNO,0.88,4.88,100,7.16
6,SYNO,0.53,6.77,300,7.16
6,SYLA,0.85,3.62,40,7.16
6,SYLA,0.92,4.26,80,7.16
6,SYLA,0.87,3.45,20,7.16
6,SYLA,0.75,2.92,20,7.16
6,SYLA,0.77,2.46,20,7.16
6,SYLA,0.82,2.22,60,7.16
6,SYLA,0.92,3.57,80,7.16
6,SYLA,0.77,2.72,20,7.16
6,SYLA,0.72,3.1,40,7.16
6,SYLA,0.68,2.06,20,7.16
6,SYLA,0.69,3.05,40,7.16
6,SYLA,0.81,3.46,60,7.16
6,SYLA,0.68,3.79,40,7.16
6,SYLA,0.63,2.54,20,7.16
6,SYLA,0.9,3.68,100,7.16
6,SYLA,1.02,4.83,120,7.16
6,SYLA,0.75,3.59,80,7.16
6,SYLA,1,5.43,140,7.16
6,SYLA,1.1,6.05,160,7.16
6,SYLA,1.3,6.27,160,7.16
7,VIRO,0.96,3.98,24,16.75
7,VIRO,0.81,6.1,23,16.75
7,VIRO,0.97,4.22,24,16.75
7,VIRO,0.78,3.47,29,16.75
7,VIRO,0.88,4.02,20,16.75
7,VIRO,0.81,5.22,2,16.75
7,VIRO,1.04,5.86,19,16.75
7,VIRO,0.75,3.85,17,16.75
7,VIRO,1.15,4.66,25,16.75
7,VIRO,0.88,5.68,21,16.75
7,VIRO,0.85,4.65,22,16.75
7,VIRO,0.97,4.17,26,16.75
7,VIRO,1.27,5.93,25,16.75
7,VIRO,0.99,5.44,26,16.75
7,VIRO,0.86,4.97,24,16.75
7,VIRO,0.79,4.73,20,16.75
7,VIRO,0.88,4.99,20,16.75
7,VIRO,1.17,5.39,26,16.75
7,VIRO,1,5.42,22,16.75
7,VIRO,0.94,4.77,24,16.75
7,ACMI,0.46,2.61,16,16.75
7,ACMI,0.47,2.36,17,16.75
7,ACMI,0.45,2.4,15,16.75
7,ACMI,0.5,2.73,14,16.75
7,ACMI,0.56,2.22,13,16.75
7,ACMI,0.7,2.79,20,16.75
7,ACMI,0.66,3.08,20,16.75
7,ACMI,0.82,3.47,28,16.75
7,ACMI,0.82,3.13,22,16.75
7,ACMI,0.93,3.69,30,16.75
7,ACMI,0.5,3.12,16,16.75
7,ACMI,0.84,5.55,20,16.75
7,ACMI,0.64,6.77,16,16.75
7,ACMI,0.87,3.2,15,16.75
7,ACMI,0.75,4.37,14,16.75
7,ACMI,0.81,4.08,20,16.75
7,ACMI,0.78,4.5,17,16.75
7,ACMI,0.78,4.22,16,16.75
7,ACMI,0.8,3.38,15,16.75
7,ACMI,0.77,4.07,15,16.75
7,ERAN,0.48,0.87,12,16.75
7,ERAN,0.57,1.38,14,16.75
7,ERAN,0.56,1.6,12,16.75
7,ERAN,0.6,1.96,2,16.75
7,ERAN,0.4,0.9,10,16.75
7,ERAN,0.55,1.56,18,16.75
7,ERAN,0.58,1.12,14,16.75
7,ERAN,0.52,1.2,9,16.75
7,ERAN,0.57,1.22,13,16.75
7,ERAN,0.67,1.98,10,16.75
7,ERAN,0.69,2.49,12,16.75
7,ERAN,0.6,0.54,8,16.75
7,ERAN,0.68,1.87,8,16.75
7,ERAN,0.69,1.65,5,16.75
7,ERAN,0.72,2.26,16,16.75
7,ERAN,0.59,2.15,12,16.75
7,ERAN,0.37,0.59,6,16.75
7,ERAN,0.63,0.48,1,16.75
7,ERAN,0.72,2.1,14,16.75
7,ERAN,0.57,0.82,20,16.75
7,ERAN,0.54,0.56,8,16.75
7,EUCY,0.7,3.39,43,16.75
7,EUCY,0.77,1.16,48,16.75
7,EUCY,0.56,3.1,28,16.75
7,EUCY,0.68,3.84,44,16.75
7,EUCY,0.75,3.18,32,16.75
7,EUCY,0.61,3.94,28,16.75
7,EUCY,0.82,3.76,36,16.75
7,EUCY,0.67,3.23,36,16.75
7,EUCY,0.65,3.25,48,16.75
7,EUCY,0.62,4.23,64,16.75
7,EUCY,0.88,3.89,44,16.75
7,EUCY,0.61,3.59,28,16.75
7,EUCY,0.63,3.32,32,16.75
7,EUCY,0.81,3.22,48,16.75
7,EUCY,0.7,2.9,38,16.75
7,EUCY,0.77,4.07,48,16.75
7,EUCY,0.74,3.5,24,16.75
7,EUCY,0.61,3.47,24,16.75
7,EUCY,0.56,3.61,22,16.75
7,EUCY,0.7,3.11,22,16.75
7,RUHI,0.86,4.06,28,16.75
7,RUHI,0.64,3.16,13,16.75
7,RUHI,0.63,2.86,8,16.75
7,RUHI,0.63,2.49,9,16.75
7,RUHI,0.56,3.5,28,16.75
7,RUHI,0.69,4.3,30,16.75
7,RUHI,0.6,2.77,22,16.75
7,RUHI,0.65,1.61,8,16.75
7,RUHI,0.57,2.74,16,16.75
7,RUHI,0.62,2.73,6,16.75
7,RAAC,0.71,2.1,12,16.75
7,RAAC,0.76,2.64,16,16.75
7,RAAC,0.82,2.95,2,16.75
7,RAAC,0.78,1.88,18,16.75
7,RAAC,0.66,1.39,6,16.75
7,RAAC,0.78,1.58,8,16.75
7,RAAC,0.44,1.69,14,16.75
7,RAAC,0.55,0.53,3,16.75
7,RAAC,0.65,2.44,6,16.75
7,RAAC,0.53,0.68,3,16.75
7,LYCI,0.47,2.74,22,16.75
7,LYCI,0.47,4.21,27,16.75
7,LYCI,0.67,4.66,28,16.75
7,LYCI,0.5,2.93,24,16.75
7,LYCI,0.45,3.26,23,16.75
7,LYCI,0.51,4.94,26,16.75
7,LYCI,0.51,3.85,29,16.75
7,LYCI,0.43,2.86,16,16.75
7,LYCI,0.55,5.95,38,16.75
7,LYCI,0.54,4.15,33,16.75
7,SOSP,0.89,6.93,40,16.75
7,SOSP,0.67,4.02,30,16.75
7,SOSP,1,4.9,50,16.75
7,SOSP,0.8,4.18,30,16.75
7,SOSP,0.85,5.3,20,16.75
7,SOSP,0.77,4.51,30,16.75
7,SOSP,1,5.75,60,16.75
7,SOSP,0.48,3.63,20,16.75
7,SOSP,0.62,3.08,30,16.75
7,SOSP,0.85,4.83,40,16.75
7,SOSP,0.49,2.13,20,16.75
7,SOSP,0.8,5.11,30,16.75
7,SOSP,0.85,4.52,50,16.75
7,SOSP,0.75,5.29,50,16.75
7,SOSP,0.8,5.01,60,16.75
7,SOSP,0.79,4.9,60,16.75
7,SOSP,1.25,8.62,90,16.75
7,SOSP,1.31,8.87,120,16.75
7,SOSP,1.35,7.89,100,16.75
7,SOSP,1.29,8.58,120,16.75
7,SYER,0.5,1.58,75,16.75
7,SYER,0.47,1.23,75,16.75
7,SYER,0.61,1.52,125,16.75
7,SYER,0.49,2.29,50,16.75
7,SYER,0.48,1.35,25,16.75
7,SYER,0.4,1.11,25,16.75
7,SYER,0.55,2.08,100,16.75
7,SYER,0.6,2.91,125,16.75
7,SYER,0.48,2.66,75,16.75
7,SYER,0.58,1.49,75,16.75
7,SYER,0.62,1.67,100,16.75
7,SYER,0.48,1.68,50,16.75
7,SYER,0.43,1.51,25,16.75
7,SYER,0.35,0.8,25,16.75
7,SYER,0.45,2.22,125,16.75
7,SYER,0.5,1.22,75,16.75
7,SYER,0.53,2.35,25,16.75
7,SYER,0.65,2.28,100,16.75
7,SYER,0.45,0.92,25,16.75
7,SYER,0.69,2.89,125,16.75
7,SYNO,0.48,3.54,40,16.75
7,SYNO,0.51,2.58,50,16.75
7,SYNO,0.49,2.64,30,16.75
7,SYNO,0.46,2.46,22,16.75
7,SYNO,0.43,1.44,24,16.75
7,SYNO,0.56,2.43,36,16.75
7,SYNO,0.54,3.2,48,16.75
7,SYNO,0.71,3.79,56,16.75
7,SYNO,0.64,4.3,68,16.75
7,SYNO,0.45,1.79,36,16.75
7,SYNO,0.8,4.78,80,16.75
7,SYNO,0.86,5.33,80,16.75
7,SYNO,0.74,3.7,60,16.75
7,SYNO,0.62,4.01,58,16.75
7,SYNO,0.49,2.57,36,16.75
7,SYNO,0.52,2.81,50,16.75
7,SYNO,0.62,5.09,78,16.75
7,SYNO,0.5,2.5,46,16.75
7,SYNO,0.48,3.38,66,16.75
7,SYNO,0.77,4.69,86,16.75
7,SYLA,0.43,1.9,18,16.75
7,SYLA,0.44,1.73,20,16.75
7,SYLA,0.5,2.33,28,16.75
7,SYLA,0.58,3.13,30,16.75
7,SYLA,0.33,0.98,10,16.75
7,SYLA,0.29,0.8,7,16.75
7,SYLA,0.45,1.57,16,16.75
7,SYLA,0.53,2.04,24,16.75
7,SYLA,0.59,3.88,40,16.75
7,SYLA,0.4,2.19,22,16.75
7,SYLA,0.44,2.5,18,16.75
7,SYLA,0.49,2.53,26,16.75
7,SYLA,0.75,3.03,56,16.75
7,SYLA,0.53,2.55,24,16.75
7,SYLA,0.56,2.52,18,16.75
7,SYLA,0.52,2.77,26,16.75
7,SYLA,0.62,2.26,30,16.75
7,SYLA,0.54,1.97,22,16.75
7,SYLA,0.76,3.83,56,16.75
7,SYLA,0.74,3.44,72,16.75
8,VICR,0.78,2.01,18,29
8,VICR,0.73,3,25,29
8,VICR,0.45,1.06,12,29
8,VICR,0.39,2.02,2,29
8,VICR,0.44,2.04,13,29
8,VICR,0.43,2.82,12,29
8,VICR,0.41,1.24,13,29
8,VICR,0.42,1.79,12,29
8,VICR,0.55,1.42,11,29
8,VICR,0.66,1.45,18,29
8,LOCAN,0.54,3.17,49,29
8,LOCAN,0.56,4.07,64,29
8,LOCAN,0.63,5.14,50,29
8,LOCAN,0.67,4.99,72,29
8,LOCAN,0.86,6.35,95,29
8,LOCAN,0.63,5.69,60,29
8,LOCAN,0.55,4.22,46,29
8,LOCAN,0.41,4.45,46,29
8,LOCAN,0.54,3.18,52,29
8,LOCAN,0.43,3.28,46,29
8,LOCAN,0.54,3.56,66,29
8,LOCAN,0.53,4.06,18,29
8,LOCAN,0.51,4.54,39,29
8,LOCAN,0.52,3.33,43,29
8,LOCAN,0.53,4.17,36,29
8,LOCAN,0.57,4.42,15,29
8,LOCAN,0.66,4.82,55,29
8,LOCAN,0.59,3.59,34,29
8,LOCAN,0.63,4.57,16,29
8,LOCAN,0.67,4.45,44,29
8,LEVU,0.33,2.33,13,29
8,LEVU,0.38,1.92,11,29
8,LEVU,0.53,2.53,13,29
8,LEVU,0.64,3.65,11,29
8,LEVU,0.42,2.16,12,29
8,LEVU,0.51,2.38,12,29
8,LEVU,0.38,2,8,29
8,LEVU,0.27,1.34,7,29
8,LEVU,0.36,2.63,8,29
8,LEVU,0.41,2.86,9,29
8,LEVU,0.42,2.53,17,29
8,LEVU,0.6,3.41,10,29
8,LEVU,0.43,3.37,8,29
8,LEVU,0.59,3.37,12,29
8,LEVU,0.48,4.73,10,29
8,LEVU,0.42,2.9,15,29
8,LEVU,0.46,3.51,5,29
8,LEVU,0.2,1.63,9,29
8,LEVU,0.33,1.51,7,29
8,LEVU,0.4,3.09,16,29
8,ACMI,0.38,5.13,17,29
8,ACMI,0.54,5.41,23,29
8,ACMI,0.59,4.77,20,29
8,ACMI,0.51,3.1,13,29
8,ACMI,0.53,4.02,25,29
8,ACMI,0.27,2.23,6,29
8,ACMI,0.32,2.12,11,29
8,ACMI,0.32,2.13,14,29
8,ACMI,0.37,2.03,10,29
8,ACMI,0.33,1.82,8,29
8,ACMI,0.47,3.55,14,29
8,ACMI,0.58,2.19,14,29
8,ACMI,0.34,2.19,9,29
8,ACMI,0.49,4.27,24,29
8,ACMI,0.5,3.17,7,29
8,ACMI,0.44,2.9,21,29
8,ACMI,0.48,3.62,23,29
8,ACMI,0.28,2.85,15,29
8,ACMI,0.25,2.16,6,29
8,ACMI,0.17,2.62,18,29
8,RUHI,0.32,2.4,8,29
8,RUHI,0.37,2.84,8,29
8,RUHI,0.33,3.26,5,29
8,RUHI,0.19,2.45,5,29
8,RUHI,0.26,3.9,4,29
8,RUHI,0.31,2.09,8,29
8,RUHI,0.3,2.24,4,29
8,RUHI,0.34,2.8,9,29
8,RUHI,0.28,3.32,11,29
8,RUHI,0.48,2.34,16,29
8,RUHI,0.28,3.19,8,29
8,RUHI,0.37,1.66,7,29
8,RUHI,0.5,2.84,9,29
8,RUHI,0.31,2.46,9,29
8,RUHI,0.44,4.98,6,29
8,RUHI,0.37,2.53,6,29
8,RUHI,0.25,1.15,5,29
8,RUHI,0.46,2.41,9,29
8,RUHI,0.3,3.85,4,29
8,RUHI,0.32,2.55,6,29
8,MEAL,0.99,5.3,53,29
8,MEAL,1.21,5.65,80,29
8,MEAL,0.78,4.59,51,29
8,MEAL,0.8,3.48,87,29
8,MEAL,0.89,3.78,38,29
8,MEAL,1.04,3.52,61,29
8,MEAL,1.02,4.44,88,29
8,MEAL,0.75,4.61,82,29
8,MEAL,0.99,3.56,74,29
8,MEAL,0.71,3.69,46,29
8,MEAL,1,4.68,62,29
8,MEAL,0.81,2.81,33,29
8,MEAL,0.91,4.58,87,29
8,MEAL,1.09,4.37,106,29
8,MEAL,0.81,3.48,52,29
8,MEAL,0.92,2.9,69,29
8,MEAL,0.89,4.36,58,29
8,MEAL,0.9,4.66,37,29
8,MEAL,0.93,3.68,55,29
8,MEAL,1.1,4.65,71,29
8,ECVU,0.26,3.09,16,29
8,ECVU,0.28,2.68,14,29
8,ECVU,0.47,5.93,27,29
8,ECVU,0.44,4.73,18,29
8,ECVU,0.41,4.74,15,29
8,ECVU,0.52,5.82,24,29
8,ECVU,0.27,3.3,23,29
8,ECVU,0.53,5.89,22,29
8,ECVU,0.37,3.56,22,29
8,ECVU,0.45,4.76,27,29
8,MOFI,0.59,4.02,18,29
8,MOFI,0.43,2.2,22,29
8,MOFI,0.42,3.1,18,29
8,MOFI,0.56,5.11,30,29
8,MOFI,0.56,3.81,36,29
8,MOFI,0.59,3.19,30,29
8,MOFI,0.43,2.46,12,29
8,MOFI,0.6,3.57,28,29
8,MOFI,0.43,2.19,16,29
8,MOFI,0.53,2.44,22,29
8,MOFI,0.47,2.91,22,29
8,MOFI,0.39,1.99,14,29
8,MOFI,0.46,2.56,16,29
8,MOFI,0.55,3.58,26,29
8,MOFI,0.56,3.87,31,29
8,MOFI,0.41,2.22,12,29
8,MOFI,0.37,1.96,16,29
8,MOFI,0.43,2.4,16,29
8,MOFI,0.47,2.47,26,29
8,MOFI,0.48,3.25,34,29
8,VIRO,0.45,2.9,20,29
8,VIRO,0.56,4.25,20,29
8,VIRO,0.65,4.19,20,29
8,VIRO,0.54,3.12,24,29
8,VIRO,0.59,4.28,16,29
8,VIRO,0.43,2.46,18,29
8,VIRO,0.46,2.77,20,29
8,VIRO,0.54,4.39,18,29
8,VIRO,0.57,4.99,16,29
8,VIRO,0.67,3.45,20,29
8,VIRO,0.78,3.45,16,29
8,VIRO,0.83,4.83,18,29
8,VIRO,0.58,3.39,20,29
8,VIRO,0.67,4.86,18,29
8,VIRO,0.59,3.09,24,29
8,VIRO,0.71,4.42,20,29
8,VIRO,0.6,4.87,18,29
8,VIRO,0.71,4.41,18,29
8,VIRO,0.7,4.3,20,29
8,VIRO,0.81,4.39,20,29
8,SOSP,0.5,3.44,24,29
8,SOSP,0.51,4.41,28,29
8,SOSP,0.55,4.49,31,29
8,SOSP,0.25,1.75,12,29
8,SOSP,0.78,9.07,60,29
8,SOSP,0.58,4.17,31,29
8,SOSP,0.66,8.44,26,29
8,SOSP,0.61,4.41,22,29
8,SOSP,0.68,6.41,32,29
8,SOSP,0.68,6.02,38,29
8,SOSP,0.52,5.41,22,29
8,SOSP,0.7,4.28,26,29
8,SOSP,0.8,5.47,44,29
8,SOSP,0.58,5.16,44,29
8,SOSP,0.81,5.9,58,29
8,SOSP,0.65,5.38,38,29
8,SOSP,0.83,4.98,46,29
8,SOSP,0.7,6.99,44,29
8,SOSP,0.25,1.09,12,29
8,SYER,0.42,2.17,75,29
8,SYER,0.3,1.56,50,29
8,SYER,0.4,1.09,50,29
8,SYER,0.35,1.72,50,29
8,SYER,0.55,2.33,150,29
8,SYER,0.35,1.17,25,29
8,SYER,0.51,2.25,150,29
8,SYER,0.37,1.83,150,29
8,SYER,0.4,1.78,125,29
8,SYER,0.42,1.68,50,29
8,SYER,0.38,1.68,125,29
8,SYER,0.34,1.55,75,29
8,SYER,0.46,2.06,175,29
8,SYER,0.31,1.35,50,29
8,SYER,0.45,2.15,125,29
8,SYER,0.42,1.54,125,29
8,SYER,0.39,1.36,75,29
8,SYER,0.29,0.72,50,29
8,SYER,0.35,0.76,50,29
9,VIRO,0.51,3.57,15,46.2
9,VIRO,0.47,3.35,12,46.2
9,VIRO,0.37,2.43,14,46.2
9,VIRO,0.46,3.59,16,46.2
9,VIRO,0.42,2.52,14,46.2
9,VIRO,0.99,4.77,24,46.2
9,VIRO,0.61,3.16,18,46.2
9,VIRO,0.5,3.32,16,46.2
9,VIRO,0.53,3.73,16,46.2
9,VIRO,0.69,3.92,20,46.2
9,VIRO,0.99,3.56,16,46.2
9,VIRO,0.53,4.1,16,46.2
9,VIRO,0.61,4.96,20,46.2
9,VIRO,0.73,4.42,20,46.2
9,VIRO,0.63,4.33,20,46.2
9,VIRO,0.55,4.01,18,46.2
9,VIRO,0.58,4.37,16,46.2
9,VIRO,0.3,2.6,12,46.2
9,VIRO,0.49,3.03,14,46.2
9,VIRO,0.81,4.66,18,46.2
9,CHLE,0.45,1.83,16,46.2
9,CHLE,0.43,1.98,17,46.2
9,CHLE,0.5,1.82,18,46.2
9,CHLE,0.49,2.99,22,46.2
9,CHLE,0.44,1.61,18,46.2
9,CHLE,0.55,2.44,16,46.2
9,CHLE,0.44,1.4,13,46.2
9,CHLE,0.44,1.91,17,46.2
9,CHLE,0.49,1.01,16,46.2
9,CHLE,0.56,1.56,14,46.2
9,MEAL,0.99,6.78,116,46.2
9,MEAL,0.83,6.76,64,46.2
9,MEAL,0.97,6.93,85,46.2
9,MEAL,0.89,3.47,38,46.2
9,MEAL,1.15,8.17,37,46.2
9,MEAL,0.55,3.33,20,46.2
9,MEAL,0.54,2.14,12,46.2
9,MEAL,1.36,10.16,93,46.2
9,MEAL,1.09,10.25,70,46.2
9,MEAL,0.87,6.95,50,46.2
9,MEAL,0.89,3.96,128,46.2
9,MEAL,1.13,7.04,70,46.2
9,MEAL,0.98,3.96,86,46.2
9,MEAL,0.89,4.17,46,46.2
9,MEAL,0.93,3.65,89,46.2
9,MEAL,1.13,6.71,65,46.2
9,MEAL,0.82,4.09,102,46.2
9,MEAL,0.69,4,116,46.2
9,MEAL,0.8,4.58,26,46.2
9,MEAL,0.77,4.84,40,46.2
9,MOFI,0.77,3.42,30,46.2
9,MOFI,0.51,2.52,28,46.2
9,MOFI,0.49,2.46,40,46.2
9,MOFI,0.62,2.79,25,46.2
9,MOFI,0.52,3.75,32,46.2
9,MOFI,0.46,1.8,12,46.2
9,MOFI,0.54,3.17,29,46.2
9,MOFI,0.59,2.73,18,46.2
9,MOFI,0.46,2.25,16,46.2
9,MOFI,0.65,3.18,37,46.2
9,MOFI,0.47,2.06,14,46.2
9,MOFI,0.46,2.43,16,46.2
9,MOFI,0.51,3.17,18,46.2
9,MOFI,0.48,3.12,26,46.2
9,MOFI,0.51,2.5,16,46.2
9,MOFI,0.58,3.94,20,46.2
9,MOFI,0.5,2.39,12,46.2
9,MOFI,0.56,3.64,32,46.2
9,MOFI,0.54,2.46,28,46.2
9,MOFI,0.65,3.52,26,46.2
9,TRPRA,0.4,2.46,1,46.2
9,TRPRA,0.36,2,1,46.2
9,TRPRA,0.43,1.97,1,46.2
9,TRPRA,0.33,1.51,2,46.2
9,TRPRA,0.36,1.08,1,46.2
9,TRPRA,0.29,1.39,1,46.2
9,TRPRA,0.39,1.72,2,46.2
9,TRPRA,0.22,0.62,1,46.2
9,TRPRA,0.3,1.53,2,46.2
9,TRPRA,0.38,1.97,1,46.2
9,LUVU,0.58,5.23,47,46.2
9,LUVU,0.63,4.77,36,46.2
9,LUVU,0.57,6.37,180,46.2
9,LUVU,0.48,5.67,29,46.2
9,LUVU,0.46,4.07,28,46.2
9,LUVU,0.65,5.38,150,46.2
9,LUVU,0.55,4.78,32,46.2
9,LUVU,0.45,3.55,29,46.2
9,LUVU,0.47,4.65,29,46.2
9,LUVU,0.39,3.41,23,46.2
9,ECVU,0.62,6.84,36,46.2
9,ECVU,0.32,2.95,11,46.2
9,ECVU,0.55,3.57,16,46.2
9,ECVU,0.61,5.17,22,46.2
9,ECVU,0.69,5.55,24,46.2
9,ECVU,0.6,4.45,18,46.2
9,ECVU,0.52,4.47,18,46.2
9,ECVU,0.43,4.19,16,46.2
9,ECVU,0.41,3.13,12,46.2
9,ECVU,0.4,3.12,12,46.2
9,ECVU,0.37,3.52,18,46.2
9,ECVU,0.43,3.05,16,46.2
9,ECVU,0.68,5.17,20,46.2
9,ECVU,0.43,3.2,18,46.2
9,ECVU,0.61,4.43,18,46.2
9,ECVU,0.53,5.29,12,46.2
9,ECVU,0.5,3.25,13,46.2
9,ECVU,0.55,3.99,18,46.2
9,ECVU,0.55,3.55,16,46.2
9,ECVU,0.39,2.91,17,46.2
9,CIAR,1,6.55,32,46.2
9,CIAR,0.88,4.17,26,46.2
9,CIAR,1.1,6.17,38,46.2
9,CIAR,1,7.66,44,46.2
9,CIAR,1,6.28,38,46.2
9,CIAR,1,6.89,48,46.2
9,CIAR,0.96,3.54,20,46.2
9,CIAR,0.72,6.55,36,46.2
9,CIAR,1.2,7.74,52,46.2
9,CIAR,1.25,8.6,56,46.2
9,CIAR,1,5.53,38,46.2
9,CIAR,1.4,8.87,60,46.2
9,CIAR,1,7.1,42,46.2
9,CIAR,1.15,6.11,40,46.2
9,CIAR,1.02,6.62,42,46.2
9,CIAR,0.85,3.39,28,46.2
9,CIAR,1.22,9.13,66,46.2
9,CIAR,1.18,10.45,68,46.2
9,CIAR,1.3,12.4,72,46.2
9,CIAR,0.71,4.68,30,46.2
10,VIRO,0.71,3.84,16,30
10,VIRO,0.42,2.96,16,30
10,VIRO,0.55,3.88,18,30
10,VIRO,0.43,3.29,13,30
10,VIRO,0.55,3.55,21,30
10,VIRO,0.57,3.53,22,30
10,VIRO,0.53,3.95,15,30
10,VIRO,0.53,3.41,14,30
10,VIRO,0.57,4.05,18,30
10,VIRO,0.52,3.51,16,30
10,VIRO,0.59,3.25,14,30
10,VIRO,0.62,4.22,18,30
10,VIRO,0.63,4.96,22,30
10,VIRO,0.48,3.84,12,30
10,VIRO,0.61,4.16,14,30
10,VIRO,1.09,5.3,26,30
10,VIRO,0.7,4.13,20,30
10,VIRO,0.73,3.96,20,30
10,VIRO,0.6,3.69,14,30
10,VIRO,0.56,4.15,17,30
10,VIRO,0.65,3.97,20,30
10,PEDI,0.82,6,32,30
10,PEDI,0.7,5.48,20,30
10,PEDI,0.54,3.71,16,30
10,PEDI,0.55,4.48,28,30
10,PEDI,0.57,5.48,30,30
10,PEDI,0.39,3.2,20,30
10,PEDI,0.64,5.86,22,30
10,PEDI,0.42,3.05,20,30
10,PEDI,0.33,3.04,8,30
10,PEDI,0.43,5.17,26,30
10,PEDI,0.57,4.67,20,30
10,PEDI,0.46,5.07,26,30
10,PEDI,0.75,7.37,32,30
10,PEDI,0.63,6.37,24,30
10,PEDI,0.64,6.12,38,30
10,PEDI,0.6,7.14,28,30
10,PEDI,0.47,4.12,16,30
10,PEDI,0.45,3.92,20,30
10,PEDI,0.66,5.15,26,30
10,PEDI,0.47,4.35,26,30
10,SEVA,0.72,3.53,26,30
10,SEVA,0.47,3.95,13,30
10,SEVA,0.59,3.07,10,30
10,SEVA,0.84,4.08,23,30
10,SEVA,0.51,2.22,11,30
10,SEVA,0.71,2.44,14,30
10,SEVA,0.48,1.99,8,30
10,SEVA,0.7,3.2,15,30
10,SEVA,0.84,3.04,18,30
10,SEVA,0.67,2.5,12,30
10,SEVA,0.81,3.97,20,30
10,SEVA,0.91,5.69,29,30
10,SEVA,1.24,4.72,27,30
10,SEVA,0.79,4.35,26,30
10,SEVA,0.67,4.24,13,30
10,SEVA,0.78,3.06,22,30
10,SEVA,0.67,3.03,14,30
10,SEVA,0.7,3.51,17,30
10,SEVA,0.49,3.27,10,30
10,SEVA,0.55,1.72,10,30
10,RUHI,0.49,5.67,11,30
10,RUHI,0.42,2.97,7,30
10,RUHI,0.51,4.96,17,30
10,RUHI,0.45,3.6,9,30
10,RUHI,0.33,2.27,11,30
10,RUHI,0.42,4.04,8,30
10,RUHI,0.38,4.15,7,30
10,RUHI,0.57,3.83,7,30
10,RUHI,0.35,3.15,5,30
10,RUHI,0.44,4.19,10,30
10,ACMI,0.5,2.76,7,30
10,ACMI,0.34,2.27,9,30
10,ACMI,0.43,3.45,13,30
10,ACMI,0.38,2.23,5,30
10,ACMI,0.5,4.33,9,30
10,ACMI,0.57,2.99,9,30
10,ACMI,0.42,3.85,14,30
10,ACMI,0.41,3.2,11,30
10,ACMI,0.69,4.19,16,30
10,ACMI,0.78,5.05,22,30
10,CIAR,1.05,8,132,30
10,CIAR,0.81,8.31,102,30
10,CIAR,0.98,9,120,30
10,CIAR,0.91,9.51,102,30
10,CIAR,0.97,9.31,84,30
10,CIAR,1.18,12.63,130,30
10,CIAR,0.84,5.96,60,30
10,CIAR,1.09,7.58,88,30
10,CIAR,1.17,8.8,75,30
10,CIAR,0.99,12.8,70,30
10,CIAR,1.35,9.72,108,30
10,CIAR,1.25,7.14,120,30
10,CIAR,1.4,7.3,100,30
10,CIAR,1.24,6.96,130,30
10,CIAR,1.05,8.79,80,30
10,CIAR,1.29,8.58,144,30
10,CIAR,0.88,8.32,78,30
10,CIAR,1.28,6.25,66,30
10,CIAR,1.2,6.83,86,30
10,CIAR,0.99,7.67,78,30
10,DICA,0.6,3.2,15,30
10,DICA,0.67,4.04,16,30
10,DICA,0.68,2.62,17,30
10,DICA,0.46,2.85,12,30
10,DICA,0.68,2.84,16,30
10,DICA,0.6,4.24,13,30
10,DICA,0.46,2.13,8,30
10,DICA,0.63,2.2,12,30
10,DICA,0.37,1.59,10,30
10,DICA,0.46,2.34,12,30
10,DICA,0.71,5.49,20,30
10,DICA,0.51,3.63,14,30
10,DICA,0.5,3.44,10,30
10,DICA,0.46,2.69,12,30
10,DICA,0.45,4.5,32,30
10,DICA,0.6,5.77,14,30
10,DICA,0.61,2.7,16,30
10,DICA,0.41,3.17,10,30
10,DICA,0.45,2.23,10,30
10,DICA,0.53,3.6,20,30
10,MOFI,0.68,3.04,18,30
10,MOFI,0.38,3.61,11,30
10,MOFI,0.36,3.41,12,30
10,MOFI,0.46,1.15,14,30
10,MOFI,0.42,5.39,10,30
10,MOFI,0.38,4.79,6,30
10,MOFI,0.36,3.33,12,30
10,MOFI,0.53,6.66,12,30
10,MOFI,0.53,3.74,20,30
10,MOFI,0.48,4.9,10,30
10,MOFI,0.47,4.66,22,30
10,MOFI,0.43,3.4,10,30
10,MOFI,0.43,2.94,24,30
10,MOFI,0.48,3.96,12,30
10,MOFI,0.43,3.06,12,30
10,MOFI,0.44,3.4,24,30
10,MOFI,0.52,2.26,2,30
10,MOFI,0.54,2.48,16,30
10,MOFI,0.55,4.28,23,30
10,MOFI,0.6,3.68,20,30
10,LEVU,0.53,2.13,13,30
10,LEVU,0.4,1.71,9,30
10,LEVU,0.32,1.64,12,30
10,LEVU,0.52,1.65,11,30
10,LEVU,0.52,1.98,13,30
10,LEVU,0.53,1.99,14,30
10,LEVU,0.49,1.7,13,30
10,LEVU,0.62,2.52,20,30
10,LEVU,0.57,2.13,24,30
10,LEVU,0.58,2.08,18,30
10,LEVU,0.63,2.42,37,30
10,LEVU,0.73,0.29,19,30
10,LEVU,0.62,2.86,25,30
10,LEVU,0.59,1.88,21,30
10,LEVU,0.72,2.71,21,30
10,LEVU,0.7,2.86,37,30
10,LEVU,0.62,2.86,24,30
10,LEVU,0.64,2.61,25,30
10,LEVU,0.55,2.01,14,30
10,LEVU,0.53,2.04,15,30
10,ERAN,0.57,2.18,11,30
10,ERAN,0.5,1.26,6,30
10,ERAN,0.63,2.8,21,30
10,ERAN,0.75,5.22,30,30
10,ERAN,0.64,2.8,20,30
10,ERAN,0.56,1.6,10,30
10,ERAN,0.63,2.64,16,30
10,ERAN,0.59,2.22,16,30
10,ERAN,0.61,2.72,24,30
10,ERAN,0.78,3.6,23,30
10,ERAN,0.57,1.41,12,30
10,ERAN,0.56,2.96,14,30
10,ERAN,0.64,4.58,24,30
10,ERAN,0.54,1.48,5,30
10,ERAN,0.68,1.95,21,30
10,ERAN,0.59,1.79,10,30
10,ERAN,0.59,1.49,16,30
10,ERAN,0.55,1.19,6,30
10,ERAN,0.72,3.58,21,30
10,ERAN,0.89,4.06,27,30
10,SYER,0.51,1.5,5,30
10,SYER,0.55,3.62,50,30
10,SYER,0.39,1.89,25,30
10,SYER,0.49,1.64,50,30
10,SYER,0.39,1.96,25,30
10,SYER,0.33,1.65,25,30
10,SYER,0.4,1.55,25,30
10,SYER,0.34,1.44,25,30
10,SYER,0.59,2.52,50,30
10,SYER,0.47,2.46,50,30
10,SYER,0.32,1.77,25,30
10,SYER,0.4,1.44,25,30
10,SYER,0.63,3.74,75,30
10,SYER,0.44,1.62,25,30
10,SYER,0.46,2.12,25,30
10,SYER,0.6,3.11,50,30
10,SYER,0.55,4.29,75,30
10,SYER,0.4,3.35,25,30
10,SYER,0.46,3.58,50,30
10,SOSP,0.79,3.27,28,30
10,SOSP,1,8.08,56,30
10,SOSP,1.29,8.89,88,30
10,SOSP,1.1,7.82,56,30
10,SOSP,1,8.34,66,30
10,SOSP,0.86,6.43,48,30
10,SOSP,0.72,4.2,36,30
10,SOSP,0.81,7.67,62,30
10,SOSP,0.69,5.23,22,30
10,SOSP,0.85,6.66,56,30
10,SOSP,0.68,5.67,36,30
10,SOSP,0.38,2.32,16,30
10,SOSP,0.35,1.75,16,30
10,SOSP,0.89,5.59,56,30
10,SOSP,0.94,6.73,66,30
10,SOSP,0.55,3.4,28,30
10,SOSP,0.99,6.73,66,30
10,SOSP,1,9.02,78,30
10,SOSP,0.86,5.77,42,30
10,SYNO,0.51,3.32,40,30
10,SYNO,0.71,3.92,60,30
10,SYNO,0.67,4.05,40,30
10,SYNO,0.82,5.08,60,30
10,SYNO,0.58,4.17,20,30
10,SYNO,0.93,6.05,100,30
10,SYNO,0.86,4.52,80,30
10,SYNO,0.56,2.95,20,30
10,SYNO,1,7.15,120,30
10,SYNO,0.77,4.71,40,30
10,LIVUL,0.76,2.87,80,30
10,LIVUL,0.82,4.17,100,30
10,LIVUL,0.66,4.05,120,30
10,LIVUL,0.72,3.69,260,30
10,LIVUL,0.83,4.47,200,30
10,LIVUL,0.64,2.27,40,30
10,LIVUL,0.62,2.56,80,30
10,LIVUL,0.84,5.06,240,30
10,LIVUL,0.91,5.34,280,30
10,LIVUL,1.01,6.74,320,30
13,VIRO,0.72,3.54,20,35.4
13,VIRO,0.79,4.68,20,35.4
13,VIRO,0.93,4.96,22,35.4
13,VIRO,0.82,5.1,20,35.4
13,VIRO,0.77,4.25,20,35.4
13,VIRO,0.73,5.09,20,35.4
13,VIRO,0.7,4.41,20,35.4
13,VIRO,0.83,4.67,21,35.4
13,VIRO,0.66,4.5,16,35.4
13,VIRO,0.89,4.41,23,35.4
13,VIRO,0.8,4.59,20,35.4
13,VIRO,0.56,2.93,20,35.4
13,VIRO,0.61,3.91,17,35.4
13,VIRO,0.68,2.34,16,35.4
13,VIRO,0.78,4.19,22,35.4
13,VIRO,0.78,3.95,20,35.4
13,VIRO,0.82,5.06,20,35.4
13,VIRO,0.86,4.05,20,35.4
13,VIRO,1.14,5.82,23,35.4
13,VIRO,0.77,4.62,18,35.4
13,VIRO,1.07,3.55,20,35.4
13,CEVU,0.45,2.26,3,35.4
13,CEVU,0.5,2.02,7,35.4
13,CEVU,0.52,1.72,8,35.4
13,CEVU,0.54,2.47,10,35.4
13,CEVU,0.34,1.37,2,35.4
13,CEVU,0.36,1.26,3,35.4
13,CEVU,0.37,1.53,9,35.4
13,CEVU,0.36,1.15,3,35.4
13,CEVU,0.57,1.15,6,35.4
13,CEVU,0.53,1.48,5,35.4
13,CEVU,0.58,1.29,5,35.4
13,CEVU,0.47,0.64,7,35.4
13,CEVU,0.36,0.71,14,35.4
13,CEVU,0.4,0.92,18,35.4
13,CEVU,0.55,0.98,18,35.4
13,CEVU,0.41,0.78,18,35.4
13,CEVU,0.5,1.01,20,35.4
13,CEVU,0.55,1.17,12,35.4
13,CEVU,0.6,1.63,22,35.4
13,LAOD,0.63,2.31,2,35.4
13,LAOD,0.79,3.19,4,35.4
13,LAOD,0.62,2.01,4,35.4
13,LAOD,0.85,3.87,6,35.4
13,LAOD,0.92,2.56,7,35.4
13,LAOD,0.71,2.43,3,35.4
13,LAOD,0.73,2.57,4,35.4
13,LAOD,0.81,4.13,3,35.4
13,LAOD,0.89,2.14,5,35.4
13,LAOD,0.99,2.26,6,35.4
13,LAOD,0.77,2.58,4,35.4
13,LAOD,0.99,3.31,5,35.4
13,LAOD,0.82,2.55,9,35.4
13,LAOD,0.81,2.77,4,35.4
13,LAOD,0.68,2.2,2,35.4
13,LAOD,1.01,2.87,2,35.4
13,LAOD,0.77,2.12,2,35.4
13,LAOD,0.84,1.65,1,35.4
13,LAOD,1.01,1.51,1,35.4
13,LAOD,1.07,2.44,4,35.4
13,ASSY,0.66,9.69,14,35.4
13,ASSY,0.72,9.8,16,35.4
13,ASSY,0.66,8.49,15,35.4
13,ASSY,0.65,9.32,20,35.4
13,ASSY,0.9,10.72,20,35.4
13,ASSY,0.79,11.33,20,35.4
13,ASSY,0.77,11,23,35.4
13,ASSY,1.07,15.95,28,35.4
13,ASSY,0.54,7.28,18,35.4
13,ASSY,0.97,11.77,15,35.4
14,CIAR,0.62,2.4,20,22.6
14,CIAR,0.88,0.75,36,22.6
14,CIAR,0.95,7.48,29,22.6
14,CIAR,0.57,5.51,25,22.6
14,CIAR,0.77,7.11,24,22.6
14,CIAR,0.72,7.49,32,22.6
14,CIAR,0.53,2.98,25,22.6
14,CIAR,0.56,4.55,22,22.6
14,CIAR,0.7,6.33,33,22.6
14,CIAR,0.68,5.2,23,22.6
14,CIAR,0.85,7.53,31,22.6
14,CIAR,1.09,9.46,46,22.6
14,CIAR,0.83,7.72,30,22.6
14,CIAR,0.97,7.2,44,22.6
14,CIAR,0.91,4.9,20,22.6
14,CIAR,0.91,9.29,32,22.6
14,CIAR,1.28,7.42,41,22.6
14,CIAR,0.94,6.42,28,22.6
14,CIAR,0.97,5.65,33,22.6
14,CIAR,0.8,5.62,44,22.6
14,PASA,1,19,8,22.6
14,PASA,0.71,10.44,6,22.6
14,PASA,0.57,9.24,4,22.6
14,PASA,0.72,9.07,6,22.6
14,PASA,0.54,14.37,4,22.6
14,PASA,0.89,15.29,8,22.6
14,PASA,0.82,20.81,12,22.6
14,PASA,0.88,8.25,6,22.6
14,PASA,0.82,8.62,22,22.6
14,PASA,0.9,9.74,6,22.6
14,PASA,1.17,15.66,12,22.6
14,PASA,1.08,13.45,8,22.6
14,PASA,1.06,18.61,6,22.6
14,PASA,0.67,10.4,8,22.6
14,PASA,0.87,13.33,10,22.6
14,PASA,0.88,19.7,12,22.6
14,PASA,0.98,15,14,22.6
14,VIRO,0.51,2.96,14,22.6
14,VIRO,0.52,4.08,14,22.6
14,VIRO,0.63,4,16,22.6
14,VIRO,0.58,4.2,14,22.6
14,VIRO,0.65,4.36,19,22.6
14,VIRO,0.79,4.47,20,22.6
14,VIRO,0.82,4.83,24,22.6
14,VIRO,0.77,5.12,22,22.6
14,VIRO,0.87,5.54,22,22.6
14,VIRO,0.79,4.9,20,22.6
14,VIRO,0.8,3.96,18,22.6
14,VIRO,0.97,3.91,24,22.6
14,VIRO,0.77,3.57,16,22.6
14,VIRO,0.65,2.92,20,22.6
14,VIRO,0.5,3.78,22,22.6
14,VIRO,0.75,5.63,20,22.6
14,VIRO,0.62,3.69,18,22.6
14,VIRO,0.98,6.47,22,22.6
14,VIRO,0.86,4.73,20,22.6
14,VIRO,0.86,5.7,22,22.6
14,LOCO,0.35,2.02,88,22.6
14,LOCO,0.38,2.09,68,22.6
14,LOCO,0.27,1.2,36,22.6
14,LOCO,0.45,1.96,121,22.6
14,LOCO,0.48,2.01,169,22.6
14,LOCO,0.38,1.86,94,22.6
14,LOCO,0.31,1.41,66,22.6
14,LOCO,0.31,1.75,114,22.6
14,LOCO,0.38,1.14,133,22.6
14,LOCO,0.24,1.49,73,22.6
14,SOSP,0.62,6.18,40,22.6
14,SOSP,0.9,8.81,54,22.6
14,SOSP,0.59,6.03,30,22.6
14,SOSP,1,11.36,66,22.6
14,SOSP,0.84,8.73,32,22.6
14,SOSP,0.88,10.69,48,22.6
14,SOSP,0.84,7.15,36,22.6
14,SOSP,0.44,4.14,22,22.6
14,SOSP,0.77,7.06,28,22.6
14,SOSP,0.62,7.27,26,22.6
14,SOSP,0.86,6.62,48,22.6
14,SOSP,0.6,3.8,28,22.6
14,SOSP,1,9.86,90,22.6
14,SOSP,1.02,8.25,60,22.6
14,SOSP,0.95,7.59,54,22.6
14,SOSP,0.86,6.22,50,22.6
14,SOSP,0.98,4.72,30,22.6
14,SOSP,0.64,5.91,30,22.6
14,SOSP,1.05,8.81,80,22.6
14,SOSP,1.22,12.65,100,22.6
14,LIVUL,0.37,0.54,48,22.6
14,LIVUL,0.31,0.71,66,22.6
14,LIVUL,0.31,0.77,62,22.6
14,LIVUL,0.4,1.27,72,22.6
14,LIVUL,0.28,0.49,44,22.6
14,LIVUL,0.38,0.59,50,22.6
14,LIVUL,0.35,0.95,64,22.6
14,LIVUL,0.31,0.89,18,22.6
14,LIVUL,0.36,1.03,70,22.6
14,LIVUL,0.44,1.47,88,22.6
14,SYER,0.44,2.25,75,22.6
14,SYER,0.58,3.78,125,22.6
14,SYER,0.39,2.34,50,22.6
14,SYER,0.39,3.48,75,22.6
14,SYER,0.27,2.38,25,22.6
14,SYER,0.45,2.89,25,22.6
14,SYER,0.42,2.55,50,22.6
14,SYER,0.37,2.18,25,22.6
14,SYER,0.36,2.75,50,22.6
14,SYER,0.4,2.42,75,22.6
15,VIRO,0.7,3.09,18,51
15,VIRO,0.75,3.36,16,51
15,VIRO,0.61,3.01,18,51
15,VIRO,0.87,4.03,20,51
15,VIRO,0.9,3.74,20,51
15,VIRO,0.74,3.34,20,51
15,VIRO,0.83,4.29,20,51
15,VIRO,0.58,3.37,16,51
15,VIRO,0.61,3,16,51
15,VIRO,0.57,3.29,16,51
15,VIRO,0.76,4.01,20,51
15,VIRO,0.77,3.72,20,51
15,VIRO,0.77,3.62,20,51
15,VIRO,1.18,3.12,22,51
15,VIRO,1.07,4.85,22,51
15,VIRO,1,4.96,22,51
15,VIRO,0.89,4.17,18,51
15,VIRO,0.5,2.81,16,51
15,VIRO,0.88,3.94,18,51
15,VIRO,0.93,4.27,22,51
15,SEVA,0.56,3.51,11,51
15,SEVA,0.57,4.87,11,51
15,SEVA,0.67,3.69,15,51
15,SEVA,0.74,3.03,9,51
15,SEVA,0.61,4.67,5,51
15,SEVA,0.56,3.53,9,51
15,SEVA,0.74,2.54,12,51
15,SEVA,0.74,4.38,19,51
15,SEVA,1.11,5.2,23,51
15,SEVA,0.91,5.09,15,51
15,SEVA,0.58,1.03,13,51
15,SEVA,0.47,1.53,55,51
15,SEVA,0.57,1.92,30,51
15,SEVA,0.87,1.97,35,51
15,SEVA,0.84,1.11,54,51
15,SEVA,0.74,2.54,30,51
15,SEVA,0.8,1.52,41,51
15,SEVA,0.89,2.23,32,51
15,SEVA,0.93,1.41,36,51
15,SEVA,0.65,1.48,34,51
15,ERAN,0.68,2.55,15,51
15,ERAN,0.79,3.63,22,51
15,ERAN,0.81,3.76,25,51
15,ERAN,0.89,3.29,27,51
15,ERAN,0.87,3.73,21,51
15,ERAN,0.8,2.95,24,51
15,ERAN,0.71,3.41,21,51
15,ERAN,0.46,1.67,12,51
15,ERAN,0.69,2.75,37,51
15,ERAN,0.51,3.66,20,51
15,ERAN,0.54,2.59,17,51
15,ERAN,0.69,3.52,23,51
15,ERAN,0.68,3.04,12,51
15,ERAN,0.74,2.71,20,51
15,ERAN,0.77,3,19,51
15,ERAN,0.81,4.36,41,51
15,ERAN,0.62,4.06,29,51
15,ERAN,0.72,2.46,23,51
15,ERAN,0.5,2,15,51
15,ERAN,0.84,3.82,16,51
15,ACMI,0.52,3.07,23,51
15,ACMI,0.66,3.96,30,51
15,ACMI,0.84,6.09,58,51
15,ACMI,0.78,3.59,26,51
15,ACMI,0.58,3.76,20,51
15,ACMI,0.5,3.45,22,51
15,ACMI,0.54,2.97,13,51
15,ACMI,0.8,4.43,21,51
15,ACMI,0.65,3.32,19,51
15,ACMI,0.81,3.71,20,51
15,DACA,0.72,5.1,11,51
15,DACA,0.45,3.25,6,51
15,DACA,0.5,2.4,16,51
15,DACA,0.39,5.15,26,51
15,DACA,0.53,4.24,14,51
15,DACA,0.53,4.45,12,51
15,DACA,0.57,4.35,23,51
15,DACA,0.54,4.8,25,51
15,DACA,0.62,4.01,18,51
15,DACA,0.67,3.03,15,51
15,DACA,0.49,5.44,19,51
15,DACA,0.45,3.71,8,51
15,DACA,0.42,3.17,9,51
15,DACA,0.62,4.29,18,51
15,DACA,0.56,2.91,5,51
15,DACA,0.51,3.62,7,51
15,DACA,0.31,1.82,3,51
15,DACA,0.54,2.83,8,51
15,DACA,0.41,1.94,6,51
15,DACA,0.63,3.15,31,51
15,DICA,0.4,1.23,12,51
15,DICA,0.47,1.41,12,51
15,DICA,0.45,1.56,14,51
15,DICA,0.51,1.9,14,51
15,DICA,0.42,2.55,16,51
15,DICA,0.34,2.01,8,51
15,DICA,0.31,2.25,8,51
15,DICA,0.32,0.39,14,51
15,DICA,0.44,2.26,12,51
15,DICA,0.32,1.61,12,51
15,SOSP,0.7,3.27,30,51
15,SOSP,0.87,4.89,60,51
15,SOSP,0.75,8.19,120,51
15,SOSP,0.95,5.99,30,51
15,SOSP,0.88,7.2,40,51
15,SOSP,0.9,4.96,40,51
15,SOSP,1.2,7.05,60,51
15,SOSP,1.1,8.27,40,51
15,SOSP,1.4,8.07,100,51
15,SOSP,0.96,5.3,50,51
15,SOSP,1,7.78,80,51
15,SOSP,1,6.03,60,51
15,SOSP,0.83,5.49,40,51
15,SOSP,0.88,5.53,50,51
15,SOSP,1,7.42,60,51
15,SOSP,0.88,5.18,40,51
15,SOSP,0.79,5.89,60,51
15,SOSP,0.99,6.55,120,51
15,SOSP,0.92,4.71,60,51
15,SOSP,0.62,4.54,40,51